Bacteria	Chapter 1 	 Gram Positive Cocci	1.1 	 Staph Aureus	"<img src=""sketchy.bacteria.gram_positive_cocci.staph_aureus.png"" />"	0	"<div class=""hotspot"" style=""left:47.41935483870968%;top: 84.28571428571429%;""></div>"	"<div class=""solution"" style=""left: 47.41935483870968%;top: 84.28571428571429%;""> Catalase Positive </div>"	sketchy.bacteria.gram_positive_cocci.staph_aureus	sketchy.bacteria.gram_positive_cocci.staph_aureus.png	930	630	47.41935483870968	84.28571428571429	Catalase Positive
Bacteria	Chapter 1 	 Gram Positive Cocci	1.1 	 Staph Aureus	"<img src=""sketchy.bacteria.gram_positive_cocci.staph_aureus.png"" />"	1	"<div class=""hotspot"" style=""left:54.3010752688172%;top: 80%;""></div>"	"<div class=""solution"" style=""left: 54.3010752688172%;top: 80%;""> Beta hemolytic </div>"	sketchy.bacteria.gram_positive_cocci.staph_aureus	sketchy.bacteria.gram_positive_cocci.staph_aureus.png	930	630	54.3010752688172	80	Beta hemolytic
Bacteria	Chapter 1 	 Gram Positive Cocci	1.1 	 Staph Aureus	"<img src=""sketchy.bacteria.gram_positive_cocci.staph_aureus.png"" />"	2	"<div class=""hotspot"" style=""left:84.51612903225806%;top: 60.476190476190474%;""></div>"	"<div class=""solution"" style=""left: 84.51612903225806%;top: 60.476190476190474%;""> Coagulase positive </div>"	sketchy.bacteria.gram_positive_cocci.staph_aureus	sketchy.bacteria.gram_positive_cocci.staph_aureus.png	930	630	84.51612903225806	60.476190476190474	Coagulase positive
Bacteria	Chapter 1 	 Gram Positive Cocci	1.1 	 Staph Aureus	"<img src=""sketchy.bacteria.gram_positive_cocci.staph_aureus.png"" />"	3	"<div class=""hotspot"" style=""left:71.93548387096774%;top: 12.063492063492063%;""></div>"	"<div class=""solution"" style=""left: 71.93548387096774%;top: 12.063492063492063%;""> Tricuspid endocarditis in IV drug users </div>"	sketchy.bacteria.gram_positive_cocci.staph_aureus	sketchy.bacteria.gram_positive_cocci.staph_aureus.png	930	630	71.93548387096774	12.063492063492063	Tricuspid endocarditis in IV drug users
Bacteria	Chapter 1 	 Gram Positive Cocci	1.1 	 Staph Aureus	"<img src=""sketchy.bacteria.gram_positive_cocci.staph_aureus.png"" />"	4	"<div class=""hotspot"" style=""left:25.161290322580644%;top: 39.36507936507937%;""></div>"	"<div class=""solution"" style=""left: 25.161290322580644%;top: 39.36507936507937%;""> Vancomycin for treatment if MRSA </div>"	sketchy.bacteria.gram_positive_cocci.staph_aureus	sketchy.bacteria.gram_positive_cocci.staph_aureus.png	930	630	25.161290322580644	39.36507936507937	Vancomycin for treatment if MRSA
Bacteria	Chapter 1 	 Gram Positive Cocci	1.1 	 Staph Aureus	"<img src=""sketchy.bacteria.gram_positive_cocci.staph_aureus.png"" />"	5	"<div class=""hotspot"" style=""left:7.741935483870968%;top: 87.77777777777777%;""></div>"	"<div class=""solution"" style=""left: 7.741935483870968%;top: 87.77777777777777%;""> Colonizes nares </div>"	sketchy.bacteria.gram_positive_cocci.staph_aureus	sketchy.bacteria.gram_positive_cocci.staph_aureus.png	930	630	7.741935483870968	87.77777777777777	Colonizes nares
Bacteria	Chapter 1 	 Gram Positive Cocci	1.1 	 Staph Aureus	"<img src=""sketchy.bacteria.gram_positive_cocci.staph_aureus.png"" />"	6	"<div class=""hotspot"" style=""left:36.12903225806451%;top: 50.317460317460316%;""></div>"	"<div class=""solution"" style=""left: 36.12903225806451%;top: 50.317460317460316%;""> Fast onset food poisoning </div>"	sketchy.bacteria.gram_positive_cocci.staph_aureus	sketchy.bacteria.gram_positive_cocci.staph_aureus.png	930	630	36.12903225806451	50.317460317460316	Fast onset food poisoning
Bacteria	Chapter 1 	 Gram Positive Cocci	1.1 	 Staph Aureus	"<img src=""sketchy.bacteria.gram_positive_cocci.staph_aureus.png"" />"	7	"<div class=""hotspot"" style=""left:52.1505376344086%;top: 36.98412698412699%;""></div>"	"<div class=""solution"" style=""left: 52.1505376344086%;top: 36.98412698412699%;""> Osteomyelitis </div>"	sketchy.bacteria.gram_positive_cocci.staph_aureus	sketchy.bacteria.gram_positive_cocci.staph_aureus.png	930	630	52.1505376344086	36.98412698412699	Osteomyelitis
Bacteria	Chapter 1 	 Gram Positive Cocci	1.1 	 Staph Aureus	"<img src=""sketchy.bacteria.gram_positive_cocci.staph_aureus.png"" />"	8	"<div class=""hotspot"" style=""left:40.53763440860215%;top: 10%;""></div>"	"<div class=""solution"" style=""left: 40.53763440860215%;top: 10%;""> Abscess formation </div>"	sketchy.bacteria.gram_positive_cocci.staph_aureus	sketchy.bacteria.gram_positive_cocci.staph_aureus.png	930	630	40.53763440860215	10	Abscess formation
Bacteria	Chapter 1 	 Gram Positive Cocci	1.1 	 Staph Aureus	"<img src=""sketchy.bacteria.gram_positive_cocci.staph_aureus.png"" />"	9	"<div class=""hotspot"" style=""left:41.075268817204304%;top: 19.841269841269842%;""></div>"	"<div class=""solution"" style=""left: 41.075268817204304%;top: 19.841269841269842%;""> Post viral URI pneumonia </div>"	sketchy.bacteria.gram_positive_cocci.staph_aureus	sketchy.bacteria.gram_positive_cocci.staph_aureus.png	930	630	41.075268817204304	19.841269841269842	Post viral URI pneumonia
Bacteria	Chapter 1 	 Gram Positive Cocci	1.1 	 Staph Aureus	"<img src=""sketchy.bacteria.gram_positive_cocci.staph_aureus.png"" />"	10	"<div class=""hotspot"" style=""left:42.1505376344086%;top: 42.22222222222222%;""></div>"	"<div class=""solution"" style=""left: 42.1505376344086%;top: 42.22222222222222%;""> Pneumonia: patchy infiltrate on CXR </div>"	sketchy.bacteria.gram_positive_cocci.staph_aureus	sketchy.bacteria.gram_positive_cocci.staph_aureus.png	930	630	42.1505376344086	42.22222222222222	Pneumonia: patchy infiltrate on CXR
Bacteria	Chapter 1 	 Gram Positive Cocci	1.1 	 Staph Aureus	"<img src=""sketchy.bacteria.gram_positive_cocci.staph_aureus.png"" />"	11	"<div class=""hotspot"" style=""left:60.967741935483865%;top: 48.095238095238095%;""></div>"	"<div class=""solution"" style=""left: 60.967741935483865%;top: 48.095238095238095%;""> Ferments mannitol salt </div>"	sketchy.bacteria.gram_positive_cocci.staph_aureus	sketchy.bacteria.gram_positive_cocci.staph_aureus.png	930	630	60.967741935483865	48.095238095238095	Ferments mannitol salt
Bacteria	Chapter 1 	 Gram Positive Cocci	1.1 	 Staph Aureus	"<img src=""sketchy.bacteria.gram_positive_cocci.staph_aureus.png"" />"	12	"<div class=""hotspot"" style=""left:72.79569892473118%;top: 39.04761904761905%;""></div>"	"<div class=""solution"" style=""left: 72.79569892473118%;top: 39.04761904761905%;""> Protein A binds IgG </div>"	sketchy.bacteria.gram_positive_cocci.staph_aureus	sketchy.bacteria.gram_positive_cocci.staph_aureus.png	930	630	72.79569892473118	39.04761904761905	Protein A binds IgG
Bacteria	Chapter 1 	 Gram Positive Cocci	1.1 	 Staph Aureus	"<img src=""sketchy.bacteria.gram_positive_cocci.staph_aureus.png"" />"	13	"<div class=""hotspot"" style=""left:20.43010752688172%;top: 48.57142857142857%;""></div>"	"<div class=""solution"" style=""left: 20.43010752688172%;top: 48.57142857142857%;""> Scalded skin syndrome: exfoliative toxin </div>"	sketchy.bacteria.gram_positive_cocci.staph_aureus	sketchy.bacteria.gram_positive_cocci.staph_aureus.png	930	630	20.43010752688172	48.57142857142857	Scalded skin syndrome: exfoliative toxin
Bacteria	Chapter 1 	 Gram Positive Cocci	1.1 	 Staph Aureus	"<img src=""sketchy.bacteria.gram_positive_cocci.staph_aureus.png"" />"	14	"<div class=""hotspot"" style=""left:12.473118279569892%;top: 68.73015873015873%;""></div>"	"<div class=""solution"" style=""left: 12.473118279569892%;top: 68.73015873015873%;""> TSST (acts as super antigen) causes toxic shock syndrome </div>"	sketchy.bacteria.gram_positive_cocci.staph_aureus	sketchy.bacteria.gram_positive_cocci.staph_aureus.png	930	630	12.473118279569892	68.73015873015873	TSST (acts as super antigen) causes toxic shock syndrome
Bacteria	Chapter 1 	 Gram Positive Cocci	1.1 	 Staph Aureus	"<img src=""sketchy.bacteria.gram_positive_cocci.staph_aureus.png"" />"	15	"<div class=""hotspot"" style=""left:14.086021505376344%;top: 46.507936507936506%;""></div>"	"<div class=""solution"" style=""left: 14.086021505376344%;top: 46.507936507936506%;""> MRSA (mercy) </div>"	sketchy.bacteria.gram_positive_cocci.staph_aureus	sketchy.bacteria.gram_positive_cocci.staph_aureus.png	930	630	14.086021505376344	46.507936507936506	MRSA (mercy)
Bacteria	Chapter 1 	 Gram Positive Cocci	1.1 	 Staph Aureus	"<img src=""sketchy.bacteria.gram_positive_cocci.staph_aureus.png"" />"	16	"<div class=""hotspot"" style=""left:6.021505376344086%;top: 46.82539682539682%;""></div>"	"<div class=""solution"" style=""left: 6.021505376344086%;top: 46.82539682539682%;""> Altered penicillin binding protein (allows methicillin resistance) </div>"	sketchy.bacteria.gram_positive_cocci.staph_aureus	sketchy.bacteria.gram_positive_cocci.staph_aureus.png	930	630	6.021505376344086	46.82539682539682	Altered penicillin binding protein (allows methicillin resistance)
Bacteria	Chapter 1 	 Gram Positive Cocci	1.1 	 Staph Aureus	"<img src=""sketchy.bacteria.gram_positive_cocci.staph_aureus.png"" />"	17	"<div class=""hotspot"" style=""left:10.75268817204301%;top: 41.58730158730159%;""></div>"	"<div class=""solution"" style=""left: 10.75268817204301%;top: 41.58730158730159%;""> Nafcillin for Staph infections (not MRSA) </div>"	sketchy.bacteria.gram_positive_cocci.staph_aureus	sketchy.bacteria.gram_positive_cocci.staph_aureus.png	930	630	10.75268817204301	41.58730158730159	Nafcillin for Staph infections (not MRSA)
Bacteria	Chapter 1 	 Gram Positive Cocci	1.1 	 Staph Aureus	"<img src=""sketchy.bacteria.gram_positive_cocci.staph_aureus.png"" />"	18	"<div class=""hotspot"" style=""left:49.03225806451613%;top: 32.38095238095238%;""></div>"	"<div class=""solution"" style=""left: 49.03225806451613%;top: 32.38095238095238%;""> Septic arthritis </div>"	sketchy.bacteria.gram_positive_cocci.staph_aureus	sketchy.bacteria.gram_positive_cocci.staph_aureus.png	930	630	49.03225806451613	32.38095238095238	Septic arthritis
Bacteria	Chapter 1 	 Gram Positive Cocci	1.1 	 Staph Aureus	"<img src=""sketchy.bacteria.gram_positive_cocci.staph_aureus.png"" />"	19	"<div class=""hotspot"" style=""left:60.322580645161295%;top: 40.89265046296296%;""></div>"	"<div class=""solution"" style=""left: 60.322580645161295%;top: 40.89265046296296%;""> Coagulase negative </div>"	sketchy.bacteria.gram_positive_cocci.staph_aureus	sketchy.bacteria.gram_positive_cocci.staph_aureus.png	930	630	60.322580645161295	40.89265046296296	Coagulase negative
Bacteria	Chapter 1 	 Gram Positive Cocci	1.1 	 Staph Aureus	"<img src=""sketchy.bacteria.gram_positive_cocci.staph_aureus.png"" />"	20	"<div class=""hotspot"" style=""left:48.60047043010753%;top: 74.22839506172839%;""></div>"	"<div class=""solution"" style=""left: 48.60047043010753%;top: 74.22839506172839%;""> S. epidermidis is novobiocin sensitive </div>"	sketchy.bacteria.gram_positive_cocci.staph_aureus	sketchy.bacteria.gram_positive_cocci.staph_aureus.png	930	630	48.60047043010753	74.22839506172839	S. epidermidis is novobiocin sensitive
Bacteria	Chapter 1 	 Gram Positive Cocci	1.1 	 Staph Aureus	"<img src=""sketchy.bacteria.gram_positive_cocci.staph_aureus.png"" />"	21	"<div class=""hotspot"" style=""left:78.17036290322581%;top: 50.92351466049383%;""></div>"	"<div class=""solution"" style=""left: 78.17036290322581%;top: 50.92351466049383%;""> S. saprophyticus is novobiocin resistant </div>"	sketchy.bacteria.gram_positive_cocci.staph_aureus	sketchy.bacteria.gram_positive_cocci.staph_aureus.png	930	630	78.17036290322581	50.92351466049383	S. saprophyticus is novobiocin resistant
Bacteria	Chapter 1 	 Gram Positive Cocci	1.1 	 Staph Aureus	"<img src=""sketchy.bacteria.gram_positive_cocci.staph_aureus.png"" />"	22	"<div class=""hotspot"" style=""left:35.48219086021505%;top: 63.732156635802475%;""></div>"	"<div class=""solution"" style=""left: 35.48219086021505%;top: 63.732156635802475%;""> Associated with prosthetic joint infection </div>"	sketchy.bacteria.gram_positive_cocci.staph_aureus	sketchy.bacteria.gram_positive_cocci.staph_aureus.png	930	630	35.48219086021505	63.732156635802475	Associated with prosthetic joint infection
Bacteria	Chapter 1 	 Gram Positive Cocci	1.1 	 Staph Aureus	"<img src=""sketchy.bacteria.gram_positive_cocci.staph_aureus.png"" />"	23	"<div class=""hotspot"" style=""left:24.944556451612904%;top: 70.98524305555556%;""></div>"	"<div class=""solution"" style=""left: 24.944556451612904%;top: 70.98524305555556%;""> Associated with prosthetic valve infection </div>"	sketchy.bacteria.gram_positive_cocci.staph_aureus	sketchy.bacteria.gram_positive_cocci.staph_aureus.png	930	630	24.944556451612904	70.98524305555556	Associated with prosthetic valve infection
Bacteria	Chapter 1 	 Gram Positive Cocci	1.1 	 Staph Aureus	"<img src=""sketchy.bacteria.gram_positive_cocci.staph_aureus.png"" />"	24	"<div class=""hotspot"" style=""left:16.880040322580644%;top: 48.60869984567901%;""></div>"	"<div class=""solution"" style=""left: 16.880040322580644%;top: 48.60869984567901%;""> Catalase positive </div>"	sketchy.bacteria.gram_positive_cocci.staph_aureus	sketchy.bacteria.gram_positive_cocci.staph_aureus.png	930	630	16.880040322580644	48.60869984567901	Catalase positive
Bacteria	Chapter 1 	 Gram Positive Cocci	1.1 	 Staph Aureus	"<img src=""sketchy.bacteria.gram_positive_cocci.staph_aureus.png"" />"	25	"<div class=""hotspot"" style=""left:32.903225806451616%;top: 40.58400848765432%;""></div>"	"<div class=""solution"" style=""left: 32.903225806451616%;top: 40.58400848765432%;""> Urease positive </div>"	sketchy.bacteria.gram_positive_cocci.staph_aureus	sketchy.bacteria.gram_positive_cocci.staph_aureus.png	930	630	32.903225806451616	40.58400848765432	Urease positive
Bacteria	Chapter 1 	 Gram Positive Cocci	1.1 	 Staph Aureus	"<img src=""sketchy.bacteria.gram_positive_cocci.staph_aureus.png"" />"	26	"<div class=""hotspot"" style=""left:40.96774193548387%;top: 30.090181327160494%;""></div>"	"<div class=""solution"" style=""left: 40.96774193548387%;top: 30.090181327160494%;""> Vancomycin may be used to treat </div>"	sketchy.bacteria.gram_positive_cocci.staph_aureus	sketchy.bacteria.gram_positive_cocci.staph_aureus.png	930	630	40.96774193548387	30.090181327160494	Vancomycin may be used to treat
Bacteria	Chapter 1 	 Gram Positive Cocci	1.1 	 Staph Aureus	"<img src=""sketchy.bacteria.gram_positive_cocci.staph_aureus.png"" />"	27	"<div class=""hotspot"" style=""left:87.95530913978494%;top: 47.528452932098766%;""></div>"	"<div class=""solution"" style=""left: 87.95530913978494%;top: 47.528452932098766%;""> S. saprophyticus is a common cause of UTI in sexually active females </div>"	sketchy.bacteria.gram_positive_cocci.staph_aureus	sketchy.bacteria.gram_positive_cocci.staph_aureus.png	930	630	87.95530913978494	47.528452932098766	S. saprophyticus is a common cause of UTI in sexually active females
Bacteria	Chapter 1 	 Gram Positive Cocci	1.1 	 Staph Aureus	"<img src=""sketchy.bacteria.gram_positive_cocci.staph_aureus.png"" />"	28	"<div class=""hotspot"" style=""left:39.13810483870967%;top: 53.85561342592593%;""></div>"	"<div class=""solution"" style=""left: 39.13810483870967%;top: 53.85561342592593%;""> Produces thick biofilms that adhere to prosthetic surfaces </div>"	sketchy.bacteria.gram_positive_cocci.staph_aureus	sketchy.bacteria.gram_positive_cocci.staph_aureus.png	930	630	39.13810483870967	53.85561342592593	Produces thick biofilms that adhere to prosthetic surfaces
Bacteria	Chapter 1 	 Gram Positive Cocci	1.1 	 Staph Aureus	"<img src=""sketchy.bacteria.gram_positive_cocci.staph_aureus.png"" />"	29	"<div class=""hotspot"" style=""left:22.90154569892473%;top: 90.73832947530865%;""></div>"	"<div class=""solution"" style=""left: 22.90154569892473%;top: 90.73832947530865%;""> Commonly contaminates blood cultures </div>"	sketchy.bacteria.gram_positive_cocci.staph_aureus	sketchy.bacteria.gram_positive_cocci.staph_aureus.png	930	630	22.90154569892473	90.73832947530865	Commonly contaminates blood cultures
Bacteria	Chapter 1 	 Gram Positive Cocci	1.1 	 Staph Aureus	"<img src=""sketchy.bacteria.gram_positive_cocci.staph_aureus.png"" />"	30	"<div class=""hotspot"" style=""left:43.224126344086024%;top: 63.88647762345679%;""></div>"	"<div class=""solution"" style=""left: 43.224126344086024%;top: 63.88647762345679%;""> Normal skin flora </div>"	sketchy.bacteria.gram_positive_cocci.staph_aureus	sketchy.bacteria.gram_positive_cocci.staph_aureus.png	930	630	43.224126344086024	63.88647762345679	Normal skin flora
Bacteria	Chapter 1 	 Gram Positive Cocci	1.1 	 Staph Aureus	"<img src=""sketchy.bacteria.gram_positive_cocci.staph_aureus.png"" />"	31	"<div class=""hotspot"" style=""left:48.70967741935484%;top: 14.444444444444443%;""></div>"	"<div class=""solution"" style=""left: 48.70967741935484%;top: 14.444444444444443%;""> Beta hemolytic </div>"	sketchy.bacteria.gram_positive_cocci.staph_aureus	sketchy.bacteria.gram_positive_cocci.staph_aureus.png	930	630	48.70967741935484	14.444444444444443	Beta hemolytic
Bacteria	Chapter 1 	 Gram Positive Cocci	1.1 	 Staph Aureus	"<img src=""sketchy.bacteria.gram_positive_cocci.staph_aureus.png"" />"	32	"<div class=""hotspot"" style=""left:49.24731182795699%;top: 73.80952380952381%;""></div>"	"<div class=""solution"" style=""left: 49.24731182795699%;top: 73.80952380952381%;""> Bacitracin sensitive </div>"	sketchy.bacteria.gram_positive_cocci.staph_aureus	sketchy.bacteria.gram_positive_cocci.staph_aureus.png	930	630	49.24731182795699	73.80952380952381	Bacitracin sensitive
Bacteria	Chapter 1 	 Gram Positive Cocci	1.1 	 Staph Aureus	"<img src=""sketchy.bacteria.gram_positive_cocci.staph_aureus.png"" />"	33	"<div class=""hotspot"" style=""left:55.26881720430108%;top: 87.61904761904762%;""></div>"	"<div class=""solution"" style=""left: 55.26881720430108%;top: 87.61904761904762%;""> Streptolysin O </div>"	sketchy.bacteria.gram_positive_cocci.staph_aureus	sketchy.bacteria.gram_positive_cocci.staph_aureus.png	930	630	55.26881720430108	87.61904761904762	Streptolysin O
Bacteria	Chapter 1 	 Gram Positive Cocci	1.1 	 Staph Aureus	"<img src=""sketchy.bacteria.gram_positive_cocci.staph_aureus.png"" />"	34	"<div class=""hotspot"" style=""left:66.34408602150538%;top: 91.42857142857143%;""></div>"	"<div class=""solution"" style=""left: 66.34408602150538%;top: 91.42857142857143%;""> Anti-Streptolysin O </div>"	sketchy.bacteria.gram_positive_cocci.staph_aureus	sketchy.bacteria.gram_positive_cocci.staph_aureus.png	930	630	66.34408602150538	91.42857142857143	Anti-Streptolysin O
Bacteria	Chapter 1 	 Gram Positive Cocci	1.1 	 Staph Aureus	"<img src=""sketchy.bacteria.gram_positive_cocci.staph_aureus.png"" />"	35	"<div class=""hotspot"" style=""left:19.247311827956988%;top: 79.04761904761905%;""></div>"	"<div class=""solution"" style=""left: 19.247311827956988%;top: 79.04761904761905%;""> Check ASO titer </div>"	sketchy.bacteria.gram_positive_cocci.staph_aureus	sketchy.bacteria.gram_positive_cocci.staph_aureus.png	930	630	19.247311827956988	79.04761904761905	Check ASO titer
Bacteria	Chapter 1 	 Gram Positive Cocci	1.1 	 Staph Aureus	"<img src=""sketchy.bacteria.gram_positive_cocci.staph_aureus.png"" />"	36	"<div class=""hotspot"" style=""left:33.33333333333333%;top: 52.22222222222223%;""></div>"	"<div class=""solution"" style=""left: 33.33333333333333%;top: 52.22222222222223%;""> Impetigo </div>"	sketchy.bacteria.gram_positive_cocci.staph_aureus	sketchy.bacteria.gram_positive_cocci.staph_aureus.png	930	630	33.33333333333333	52.22222222222223	Impetigo
Bacteria	Chapter 1 	 Gram Positive Cocci	1.1 	 Staph Aureus	"<img src=""sketchy.bacteria.gram_positive_cocci.staph_aureus.png"" />"	37	"<div class=""hotspot"" style=""left:39.462365591397855%;top: 59.20634920634921%;""></div>"	"<div class=""solution"" style=""left: 39.462365591397855%;top: 59.20634920634921%;""> Erysipelas </div>"	sketchy.bacteria.gram_positive_cocci.staph_aureus	sketchy.bacteria.gram_positive_cocci.staph_aureus.png	930	630	39.462365591397855	59.20634920634921	Erysipelas
Bacteria	Chapter 1 	 Gram Positive Cocci	1.1 	 Staph Aureus	"<img src=""sketchy.bacteria.gram_positive_cocci.staph_aureus.png"" />"	38	"<div class=""hotspot"" style=""left:32.903225806451616%;top: 36.03174603174603%;""></div>"	"<div class=""solution"" style=""left: 32.903225806451616%;top: 36.03174603174603%;""> Pharyngitis </div>"	sketchy.bacteria.gram_positive_cocci.staph_aureus	sketchy.bacteria.gram_positive_cocci.staph_aureus.png	930	630	32.903225806451616	36.03174603174603	Pharyngitis
Bacteria	Chapter 1 	 Gram Positive Cocci	1.1 	 Staph Aureus	"<img src=""sketchy.bacteria.gram_positive_cocci.staph_aureus.png"" />"	39	"<div class=""hotspot"" style=""left:17.8494623655914%;top: 18.095238095238095%;""></div>"	"<div class=""solution"" style=""left: 17.8494623655914%;top: 18.095238095238095%;""> Strawberry tongue </div>"	sketchy.bacteria.gram_positive_cocci.staph_aureus	sketchy.bacteria.gram_positive_cocci.staph_aureus.png	930	630	17.8494623655914	18.095238095238095	Strawberry tongue
Bacteria	Chapter 1 	 Gram Positive Cocci	1.1 	 Staph Aureus	"<img src=""sketchy.bacteria.gram_positive_cocci.staph_aureus.png"" />"	40	"<div class=""hotspot"" style=""left:3.978494623655914%;top: 35.55555555555556%;""></div>"	"<div class=""solution"" style=""left: 3.978494623655914%;top: 35.55555555555556%;""> Strep-TSST (acts as super antigen) causes Streptococcal Toxic Shock Syndrome </div>"	sketchy.bacteria.gram_positive_cocci.staph_aureus	sketchy.bacteria.gram_positive_cocci.staph_aureus.png	930	630	3.978494623655914	35.55555555555556	Strep-TSST (acts as super antigen) causes Streptococcal Toxic Shock Syndrome
Bacteria	Chapter 1 	 Gram Positive Cocci	1.1 	 Staph Aureus	"<img src=""sketchy.bacteria.gram_positive_cocci.staph_aureus.png"" />"	41	"<div class=""hotspot"" style=""left:18.70967741935484%;top: 53.80952380952381%;""></div>"	"<div class=""solution"" style=""left: 18.70967741935484%;top: 53.80952380952381%;""> Scarlet fever (erythrogenic toxin) </div>"	sketchy.bacteria.gram_positive_cocci.staph_aureus	sketchy.bacteria.gram_positive_cocci.staph_aureus.png	930	630	18.70967741935484	53.80952380952381	Scarlet fever (erythrogenic toxin)
Bacteria	Chapter 1 	 Gram Positive Cocci	1.1 	 Staph Aureus	"<img src=""sketchy.bacteria.gram_positive_cocci.staph_aureus.png"" />"	42	"<div class=""hotspot"" style=""left:12.365591397849462%;top: 53.492063492063494%;""></div>"	"<div class=""solution"" style=""left: 12.365591397849462%;top: 53.492063492063494%;""> Necrotizing Fasciitis (Exotoxin B) </div>"	sketchy.bacteria.gram_positive_cocci.staph_aureus	sketchy.bacteria.gram_positive_cocci.staph_aureus.png	930	630	12.365591397849462	53.492063492063494	Necrotizing Fasciitis (Exotoxin B)
Bacteria	Chapter 1 	 Gram Positive Cocci	1.1 	 Staph Aureus	"<img src=""sketchy.bacteria.gram_positive_cocci.staph_aureus.png"" />"	43	"<div class=""hotspot"" style=""left:49.24731182795699%;top: 30%;""></div>"	"<div class=""solution"" style=""left: 49.24731182795699%;top: 30%;""> Hyaluronic Acid capsule </div>"	sketchy.bacteria.gram_positive_cocci.staph_aureus	sketchy.bacteria.gram_positive_cocci.staph_aureus.png	930	630	49.24731182795699	30	Hyaluronic Acid capsule
Bacteria	Chapter 1 	 Gram Positive Cocci	1.1 	 Staph Aureus	"<img src=""sketchy.bacteria.gram_positive_cocci.staph_aureus.png"" />"	44	"<div class=""hotspot"" style=""left:76.34408602150538%;top: 38.57142857142858%;""></div>"	"<div class=""solution"" style=""left: 76.34408602150538%;top: 38.57142857142858%;""> M protein: prevents phagocytosis </div>"	sketchy.bacteria.gram_positive_cocci.staph_aureus	sketchy.bacteria.gram_positive_cocci.staph_aureus.png	930	630	76.34408602150538	38.57142857142858	M protein: prevents phagocytosis
Bacteria	Chapter 1 	 Gram Positive Cocci	1.1 	 Staph Aureus	"<img src=""sketchy.bacteria.gram_positive_cocci.staph_aureus.png"" />"	45	"<div class=""hotspot"" style=""left:62.795698924731184%;top: 14.761904761904763%;""></div>"	"<div class=""solution"" style=""left: 62.795698924731184%;top: 14.761904761904763%;""> Endocarditis: affects mitral valve </div>"	sketchy.bacteria.gram_positive_cocci.staph_aureus	sketchy.bacteria.gram_positive_cocci.staph_aureus.png	930	630	62.795698924731184	14.761904761904763	Endocarditis: affects mitral valve
Bacteria	Chapter 1 	 Gram Positive Cocci	1.1 	 Staph Aureus	"<img src=""sketchy.bacteria.gram_positive_cocci.staph_aureus.png"" />"	46	"<div class=""hotspot"" style=""left:62.795698924731184%;top: 20.476190476190474%;""></div>"	"<div class=""solution"" style=""left: 62.795698924731184%;top: 20.476190476190474%;""> anti-M protein antibodies cause Rheumatic Fever </div>"	sketchy.bacteria.gram_positive_cocci.staph_aureus	sketchy.bacteria.gram_positive_cocci.staph_aureus.png	930	630	62.795698924731184	20.476190476190474	anti-M protein antibodies cause Rheumatic Fever
Bacteria	Chapter 1 	 Gram Positive Cocci	1.1 	 Staph Aureus	"<img src=""sketchy.bacteria.gram_positive_cocci.staph_aureus.png"" />"	47	"<div class=""hotspot"" style=""left:55.483870967741936%;top: 47.77777777777778%;""></div>"	"<div class=""solution"" style=""left: 55.483870967741936%;top: 47.77777777777778%;""> Jones criteria for RF: Joints (polyarthritis) </div>"	sketchy.bacteria.gram_positive_cocci.staph_aureus	sketchy.bacteria.gram_positive_cocci.staph_aureus.png	930	630	55.483870967741936	47.77777777777778	Jones criteria for RF: Joints (polyarthritis)
Bacteria	Chapter 1 	 Gram Positive Cocci	1.1 	 Staph Aureus	"<img src=""sketchy.bacteria.gram_positive_cocci.staph_aureus.png"" />"	48	"<div class=""hotspot"" style=""left:59.24731182795699%;top: 50.79365079365079%;""></div>"	"<div class=""solution"" style=""left: 59.24731182795699%;top: 50.79365079365079%;""> Jones criteria for RF: heart (carditis) </div>"	sketchy.bacteria.gram_positive_cocci.staph_aureus	sketchy.bacteria.gram_positive_cocci.staph_aureus.png	930	630	59.24731182795699	50.79365079365079	Jones criteria for RF: heart (carditis)
Bacteria	Chapter 1 	 Gram Positive Cocci	1.1 	 Staph Aureus	"<img src=""sketchy.bacteria.gram_positive_cocci.staph_aureus.png"" />"	49	"<div class=""hotspot"" style=""left:65.26881720430107%;top: 47.77777777777778%;""></div>"	"<div class=""solution"" style=""left: 65.26881720430107%;top: 47.77777777777778%;""> Jones criteria for RF: Nodules (Subcutaneous nodules) </div>"	sketchy.bacteria.gram_positive_cocci.staph_aureus	sketchy.bacteria.gram_positive_cocci.staph_aureus.png	930	630	65.26881720430107	47.77777777777778	Jones criteria for RF: Nodules (Subcutaneous nodules)
Bacteria	Chapter 1 	 Gram Positive Cocci	1.1 	 Staph Aureus	"<img src=""sketchy.bacteria.gram_positive_cocci.staph_aureus.png"" />"	50	"<div class=""hotspot"" style=""left:70.96774193548387%;top: 50.317460317460316%;""></div>"	"<div class=""solution"" style=""left: 70.96774193548387%;top: 50.317460317460316%;""> Jones criteria for RF: Erythema Marginatum </div>"	sketchy.bacteria.gram_positive_cocci.staph_aureus	sketchy.bacteria.gram_positive_cocci.staph_aureus.png	930	630	70.96774193548387	50.317460317460316	Jones criteria for RF: Erythema Marginatum
Bacteria	Chapter 1 	 Gram Positive Cocci	1.1 	 Staph Aureus	"<img src=""sketchy.bacteria.gram_positive_cocci.staph_aureus.png"" />"	51	"<div class=""hotspot"" style=""left:78.06451612903226%;top: 49.36507936507937%;""></div>"	"<div class=""solution"" style=""left: 78.06451612903226%;top: 49.36507936507937%;""> Jones criteria for RF: Sydenham's Chorea </div>"	sketchy.bacteria.gram_positive_cocci.staph_aureus	sketchy.bacteria.gram_positive_cocci.staph_aureus.png	930	630	78.06451612903226	49.36507936507937	Jones criteria for RF: Sydenham's Chorea
Bacteria	Chapter 1 	 Gram Positive Cocci	1.1 	 Staph Aureus	"<img src=""sketchy.bacteria.gram_positive_cocci.staph_aureus.png"" />"	52	"<div class=""hotspot"" style=""left:80.53763440860216%;top: 66.98412698412697%;""></div>"	"<div class=""solution"" style=""left: 80.53763440860216%;top: 66.98412698412697%;""> Cola colored urine with PSGN </div>"	sketchy.bacteria.gram_positive_cocci.staph_aureus	sketchy.bacteria.gram_positive_cocci.staph_aureus.png	930	630	80.53763440860216	66.98412698412697	Cola colored urine with PSGN
Bacteria	Chapter 1 	 Gram Positive Cocci	1.1 	 Staph Aureus	"<img src=""sketchy.bacteria.gram_positive_cocci.staph_aureus.png"" />"	53	"<div class=""hotspot"" style=""left:57.096774193548384%;top: 70.47619047619048%;""></div>"	"<div class=""solution"" style=""left: 57.096774193548384%;top: 70.47619047619048%;""> DNAse B </div>"	sketchy.bacteria.gram_positive_cocci.staph_aureus	sketchy.bacteria.gram_positive_cocci.staph_aureus.png	930	630	57.096774193548384	70.47619047619048	DNAse B
Bacteria	Chapter 1 	 Gram Positive Cocci	1.1 	 Staph Aureus	"<img src=""sketchy.bacteria.gram_positive_cocci.staph_aureus.png"" />"	54	"<div class=""hotspot"" style=""left:57.52688172043011%;top: 79.52380952380952%;""></div>"	"<div class=""solution"" style=""left: 57.52688172043011%;top: 79.52380952380952%;""> Streptokinase </div>"	sketchy.bacteria.gram_positive_cocci.staph_aureus	sketchy.bacteria.gram_positive_cocci.staph_aureus.png	930	630	57.52688172043011	79.52380952380952	Streptokinase
Bacteria	Chapter 1 	 Gram Positive Cocci	1.1 	 Staph Aureus	"<img src=""sketchy.bacteria.gram_positive_cocci.staph_aureus.png"" />"	55	"<div class=""hotspot"" style=""left:88.70967741935483%;top: 29.20634920634921%;""></div>"	"<div class=""solution"" style=""left: 88.70967741935483%;top: 29.20634920634921%;""> Post-strep glomerulonephritis (PSGN) </div>"	sketchy.bacteria.gram_positive_cocci.staph_aureus	sketchy.bacteria.gram_positive_cocci.staph_aureus.png	930	630	88.70967741935483	29.20634920634921	Post-strep glomerulonephritis (PSGN)
Bacteria	Chapter 1 	 Gram Positive Cocci	1.1 	 Staph Aureus	"<img src=""sketchy.bacteria.gram_positive_cocci.staph_aureus.png"" />"	56	"<div class=""hotspot"" style=""left:87.52688172043011%;top: 14.444444444444443%;""></div>"	"<div class=""solution"" style=""left: 87.52688172043011%;top: 14.444444444444443%;""> PSGN occurs 2 weeks after Strep infection </div>"	sketchy.bacteria.gram_positive_cocci.staph_aureus	sketchy.bacteria.gram_positive_cocci.staph_aureus.png	930	630	87.52688172043011	14.444444444444443	PSGN occurs 2 weeks after Strep infection
Bacteria	Chapter 1 	 Gram Positive Cocci	1.1 	 Staph Aureus	"<img src=""sketchy.bacteria.gram_positive_cocci.staph_aureus.png"" />"	57	"<div class=""hotspot"" style=""left:74.08602150537634%;top: 18.73015873015873%;""></div>"	"<div class=""solution"" style=""left: 74.08602150537634%;top: 18.73015873015873%;""> Facial swelling seen in PSGN </div>"	sketchy.bacteria.gram_positive_cocci.staph_aureus	sketchy.bacteria.gram_positive_cocci.staph_aureus.png	930	630	74.08602150537634	18.73015873015873	Facial swelling seen in PSGN
Bacteria	Chapter 1 	 Gram Positive Cocci	1.1 	 Staph Aureus	"<img src=""sketchy.bacteria.gram_positive_cocci.staph_aureus.png"" />"	58	"<div class=""hotspot"" style=""left:75.16129032258064%;top: 22.380952380952383%;""></div>"	"<div class=""solution"" style=""left: 75.16129032258064%;top: 22.380952380952383%;""> PSGN most common after superficial skin infection (impetigo). In contrast to Acute RF which requires Strep pharyngitis. </div>"	sketchy.bacteria.gram_positive_cocci.staph_aureus	sketchy.bacteria.gram_positive_cocci.staph_aureus.png	930	630	75.16129032258064	22.380952380952383	PSGN most common after superficial skin infection (impetigo). In contrast to Acute RF which requires Strep pharyngitis.
Bacteria	Chapter 1 	 Gram Positive Cocci	1.1 	 Staph Aureus	"<img src=""sketchy.bacteria.gram_positive_cocci.staph_aureus.png"" />"	59	"<div class=""hotspot"" style=""left:69.13978494623656%;top: 13.492063492063492%;""></div>"	"<div class=""solution"" style=""left: 69.13978494623656%;top: 13.492063492063492%;""> Penicillin for treatment (prevents RF but not PSGN) </div>"	sketchy.bacteria.gram_positive_cocci.staph_aureus	sketchy.bacteria.gram_positive_cocci.staph_aureus.png	930	630	69.13978494623656	13.492063492063492	Penicillin for treatment (prevents RF but not PSGN)
Bacteria	Chapter 1 	 Gram Positive Cocci	1.1 	 Staph Aureus	"<img src=""sketchy.bacteria.gram_positive_cocci.staph_aureus.png"" />"	60	"<div class=""hotspot"" style=""left:15.935819892473118%;top: 11.93452380952381%;""></div>"	"<div class=""solution"" style=""left: 15.935819892473118%;top: 11.93452380952381%;""> Beta hemolytic </div>"	sketchy.bacteria.gram_positive_cocci.staph_aureus	sketchy.bacteria.gram_positive_cocci.staph_aureus.png	930	630	15.935819892473118	11.93452380952381	Beta hemolytic
Bacteria	Chapter 1 	 Gram Positive Cocci	1.1 	 Staph Aureus	"<img src=""sketchy.bacteria.gram_positive_cocci.staph_aureus.png"" />"	61	"<div class=""hotspot"" style=""left:68.17036290322581%;top: 57.93402777777777%;""></div>"	"<div class=""solution"" style=""left: 68.17036290322581%;top: 57.93402777777777%;""> Bacitracin resistant </div>"	sketchy.bacteria.gram_positive_cocci.staph_aureus	sketchy.bacteria.gram_positive_cocci.staph_aureus.png	930	630	68.17036290322581	57.93402777777777	Bacitracin resistant
Bacteria	Chapter 1 	 Gram Positive Cocci	1.1 	 Staph Aureus	"<img src=""sketchy.bacteria.gram_positive_cocci.staph_aureus.png"" />"	62	"<div class=""hotspot"" style=""left:44.193548387096776%;top: 48.09275793650794%;""></div>"	"<div class=""solution"" style=""left: 44.193548387096776%;top: 48.09275793650794%;""> Meningitis in newborns </div>"	sketchy.bacteria.gram_positive_cocci.staph_aureus	sketchy.bacteria.gram_positive_cocci.staph_aureus.png	930	630	44.193548387096776	48.09275793650794	Meningitis in newborns
Bacteria	Chapter 1 	 Gram Positive Cocci	1.1 	 Staph Aureus	"<img src=""sketchy.bacteria.gram_positive_cocci.staph_aureus.png"" />"	63	"<div class=""hotspot"" style=""left:45.15793010752688%;top: 85.87301587301587%;""></div>"	"<div class=""solution"" style=""left: 45.15793010752688%;top: 85.87301587301587%;""> Hydrolyzes sodium hippurate </div>"	sketchy.bacteria.gram_positive_cocci.staph_aureus	sketchy.bacteria.gram_positive_cocci.staph_aureus.png	930	630	45.15793010752688	85.87301587301587	Hydrolyzes sodium hippurate
Bacteria	Chapter 1 	 Gram Positive Cocci	1.1 	 Staph Aureus	"<img src=""sketchy.bacteria.gram_positive_cocci.staph_aureus.png"" />"	64	"<div class=""hotspot"" style=""left:64.02385752688173%;top: 24.19394841269841%;""></div>"	"<div class=""solution"" style=""left: 64.02385752688173%;top: 24.19394841269841%;""> Positive CAMP TestEnhances hemolysis by Staph aureus </div>"	sketchy.bacteria.gram_positive_cocci.staph_aureus	sketchy.bacteria.gram_positive_cocci.staph_aureus.png	930	630	64.02385752688173	24.19394841269841	Positive CAMP TestEnhances hemolysis by Staph aureus
Bacteria	Chapter 1 	 Gram Positive Cocci	1.1 	 Staph Aureus	"<img src=""sketchy.bacteria.gram_positive_cocci.staph_aureus.png"" />"	65	"<div class=""hotspot"" style=""left:38.062836021505376%;top: 60.15625%;""></div>"	"<div class=""solution"" style=""left: 38.062836021505376%;top: 60.15625%;""> Sepsis in newborns </div>"	sketchy.bacteria.gram_positive_cocci.staph_aureus	sketchy.bacteria.gram_positive_cocci.staph_aureus.png	930	630	38.062836021505376	60.15625	Sepsis in newborns
Bacteria	Chapter 1 	 Gram Positive Cocci	1.1 	 Staph Aureus	"<img src=""sketchy.bacteria.gram_positive_cocci.staph_aureus.png"" />"	66	"<div class=""hotspot"" style=""left:56.02150537634408%;top: 46.50545634920635%;""></div>"	"<div class=""solution"" style=""left: 56.02150537634408%;top: 46.50545634920635%;""> Encapsulated </div>"	sketchy.bacteria.gram_positive_cocci.staph_aureus	sketchy.bacteria.gram_positive_cocci.staph_aureus.png	930	630	56.02150537634408	46.50545634920635	Encapsulated
Bacteria	Chapter 1 	 Gram Positive Cocci	1.1 	 Staph Aureus	"<img src=""sketchy.bacteria.gram_positive_cocci.staph_aureus.png"" />"	67	"<div class=""hotspot"" style=""left:50.966061827956985%;top: 55.394345238095234%;""></div>"	"<div class=""solution"" style=""left: 50.966061827956985%;top: 55.394345238095234%;""> Pneumonia in newborns </div>"	sketchy.bacteria.gram_positive_cocci.staph_aureus	sketchy.bacteria.gram_positive_cocci.staph_aureus.png	930	630	50.966061827956985	55.394345238095234	Pneumonia in newborns
Bacteria	Chapter 1 	 Gram Positive Cocci	1.1 	 Staph Aureus	"<img src=""sketchy.bacteria.gram_positive_cocci.staph_aureus.png"" />"	68	"<div class=""hotspot"" style=""left:12.7940188172043%;top: 35.079365079365076%;""></div>"	"<div class=""solution"" style=""left: 12.7940188172043%;top: 35.079365079365076%;""> Screen pregnant mothers at 35 weeks </div>"	sketchy.bacteria.gram_positive_cocci.staph_aureus	sketchy.bacteria.gram_positive_cocci.staph_aureus.png	930	630	12.7940188172043	35.079365079365076	Screen pregnant mothers at 35 weeks
Bacteria	Chapter 1 	 Gram Positive Cocci	1.1 	 Staph Aureus	"<img src=""sketchy.bacteria.gram_positive_cocci.staph_aureus.png"" />"	69	"<div class=""hotspot"" style=""left:8.277889784946236%;top: 52.539682539682545%;""></div>"	"<div class=""solution"" style=""left: 8.277889784946236%;top: 52.539682539682545%;""> Treat with intrapartum penicillin </div>"	sketchy.bacteria.gram_positive_cocci.staph_aureus	sketchy.bacteria.gram_positive_cocci.staph_aureus.png	930	630	8.277889784946236	52.539682539682545	Treat with intrapartum penicillin
Bacteria	Chapter 1 	 Gram Positive Cocci	1.1 	 Staph Aureus	"<img src=""sketchy.bacteria.gram_positive_cocci.staph_aureus.png"" />"	70	"<div class=""hotspot"" style=""left:46.01982526881721%;top: 17.299107142857142%;""></div>"	"<div class=""solution"" style=""left: 46.01982526881721%;top: 17.299107142857142%;""> Ceftriaxone may be used for treatment </div>"	sketchy.bacteria.gram_positive_cocci.staph_aureus	sketchy.bacteria.gram_positive_cocci.staph_aureus.png	930	630	46.01982526881721	17.299107142857142	Ceftriaxone may be used for treatment
Bacteria	Chapter 1 	 Gram Positive Cocci	1.1 	 Staph Aureus	"<img src=""sketchy.bacteria.gram_positive_cocci.staph_aureus.png"" />"	71	"<div class=""hotspot"" style=""left:25.482190860215052%;top: 8.410218253968255%;""></div>"	"<div class=""solution"" style=""left: 25.482190860215052%;top: 8.410218253968255%;""> Macrolides commonly used for uncomplicated cases </div>"	sketchy.bacteria.gram_positive_cocci.staph_aureus	sketchy.bacteria.gram_positive_cocci.staph_aureus.png	930	630	25.482190860215052	8.410218253968255	Macrolides commonly used for uncomplicated cases
Bacteria	Chapter 1 	 Gram Positive Cocci	1.1 	 Staph Aureus	"<img src=""sketchy.bacteria.gram_positive_cocci.staph_aureus.png"" />"	72	"<div class=""hotspot"" style=""left:43.33165322580645%;top: 8.251488095238095%;""></div>"	"<div class=""solution"" style=""left: 43.33165322580645%;top: 8.251488095238095%;""> Alpha hemolytic </div>"	sketchy.bacteria.gram_positive_cocci.staph_aureus	sketchy.bacteria.gram_positive_cocci.staph_aureus.png	930	630	43.33165322580645	8.251488095238095	Alpha hemolytic
Bacteria	Chapter 1 	 Gram Positive Cocci	1.1 	 Staph Aureus	"<img src=""sketchy.bacteria.gram_positive_cocci.staph_aureus.png"" />"	73	"<div class=""hotspot"" style=""left:35.912298387096776%;top: 48.72767857142858%;""></div>"	"<div class=""solution"" style=""left: 35.912298387096776%;top: 48.72767857142858%;""> Increased risk in sickle cell population or if asplenic </div>"	sketchy.bacteria.gram_positive_cocci.staph_aureus	sketchy.bacteria.gram_positive_cocci.staph_aureus.png	930	630	35.912298387096776	48.72767857142858	Increased risk in sickle cell population or if asplenic
Bacteria	Chapter 1 	 Gram Positive Cocci	1.1 	 Staph Aureus	"<img src=""sketchy.bacteria.gram_positive_cocci.staph_aureus.png"" />"	74	"<div class=""hotspot"" style=""left:43.461021505376344%;top: 32.73065476190476%;""></div>"	"<div class=""solution"" style=""left: 43.461021505376344%;top: 32.73065476190476%;""> Optochin sensitive </div>"	sketchy.bacteria.gram_positive_cocci.staph_aureus	sketchy.bacteria.gram_positive_cocci.staph_aureus.png	930	630	43.461021505376344	32.73065476190476	Optochin sensitive
Bacteria	Chapter 1 	 Gram Positive Cocci	1.1 	 Staph Aureus	"<img src=""sketchy.bacteria.gram_positive_cocci.staph_aureus.png"" />"	75	"<div class=""hotspot"" style=""left:75.80477150537635%;top: 49.838789682539684%;""></div>"	"<div class=""solution"" style=""left: 75.80477150537635%;top: 49.838789682539684%;""> Optochin resistant </div>"	sketchy.bacteria.gram_positive_cocci.staph_aureus	sketchy.bacteria.gram_positive_cocci.staph_aureus.png	930	630	75.80477150537635	49.838789682539684	Optochin resistant
Bacteria	Chapter 1 	 Gram Positive Cocci	1.1 	 Staph Aureus	"<img src=""sketchy.bacteria.gram_positive_cocci.staph_aureus.png"" />"	76	"<div class=""hotspot"" style=""left:79.99831989247312%;top: 42.69593253968254%;""></div>"	"<div class=""solution"" style=""left: 79.99831989247312%;top: 42.69593253968254%;""> Endocarditis in previously damaged valves </div>"	sketchy.bacteria.gram_positive_cocci.staph_aureus	sketchy.bacteria.gram_positive_cocci.staph_aureus.png	930	630	79.99831989247312	42.69593253968254	Endocarditis in previously damaged valves
Bacteria	Chapter 1 	 Gram Positive Cocci	1.1 	 Staph Aureus	"<img src=""sketchy.bacteria.gram_positive_cocci.staph_aureus.png"" />"	77	"<div class=""hotspot"" style=""left:74.72950268817205%;top: 94.6031746031746%;""></div>"	"<div class=""solution"" style=""left: 74.72950268817205%;top: 94.6031746031746%;""> Bile resistant </div>"	sketchy.bacteria.gram_positive_cocci.staph_aureus	sketchy.bacteria.gram_positive_cocci.staph_aureus.png	930	630	74.72950268817205	94.6031746031746	Bile resistant
Bacteria	Chapter 1 	 Gram Positive Cocci	1.1 	 Staph Aureus	"<img src=""sketchy.bacteria.gram_positive_cocci.staph_aureus.png"" />"	78	"<div class=""hotspot"" style=""left:47.202620967741936%;top: 89.04761904761904%;""></div>"	"<div class=""solution"" style=""left: 47.202620967741936%;top: 89.04761904761904%;""> Bile sensitive </div>"	sketchy.bacteria.gram_positive_cocci.staph_aureus	sketchy.bacteria.gram_positive_cocci.staph_aureus.png	930	630	47.202620967741936	89.04761904761904	Bile sensitive
Bacteria	Chapter 1 	 Gram Positive Cocci	1.1 	 Staph Aureus	"<img src=""sketchy.bacteria.gram_positive_cocci.staph_aureus.png"" />"	79	"<div class=""hotspot"" style=""left:11.19119623655914%;top: 27.475198412698415%;""></div>"	"<div class=""solution"" style=""left: 11.19119623655914%;top: 27.475198412698415%;""> Polysaccharide vaccine in adults

Produces IgM response </div>"	sketchy.bacteria.gram_positive_cocci.staph_aureus	sketchy.bacteria.gram_positive_cocci.staph_aureus.png	930	630	11.19119623655914	27.475198412698415	"Polysaccharide vaccine in adults

Produces IgM response"
Bacteria	Chapter 1 	 Gram Positive Cocci	1.1 	 Staph Aureus	"<img src=""sketchy.bacteria.gram_positive_cocci.staph_aureus.png"" />"	80	"<div class=""hotspot"" style=""left:11.397849462365592%;top: 33.80704365079365%;""></div>"	"<div class=""solution"" style=""left: 11.397849462365592%;top: 33.80704365079365%;""> Conjugate vaccine for children

Produces IgG response </div>"	sketchy.bacteria.gram_positive_cocci.staph_aureus	sketchy.bacteria.gram_positive_cocci.staph_aureus.png	930	630	11.397849462365592	33.80704365079365	"Conjugate vaccine for children

Produces IgG response"
Bacteria	Chapter 1 	 Gram Positive Cocci	1.1 	 Staph Aureus	"<img src=""sketchy.bacteria.gram_positive_cocci.staph_aureus.png"" />"	81	"<div class=""hotspot"" style=""left:3.009072580645161%;top: 68.72767857142857%;""></div>"	"<div class=""solution"" style=""left: 3.009072580645161%;top: 68.72767857142857%;""> Causes ""MOPS""

-meningitis
-otitis media
-pneumonia
-sinusitis </div>"	sketchy.bacteria.gram_positive_cocci.staph_aureus	sketchy.bacteria.gram_positive_cocci.staph_aureus.png	930	630	3.009072580645161	68.72767857142857	"Causes ""MOPS""

-meningitis
-otitis media
-pneumonia
-sinusitis"
Bacteria	Chapter 1 	 Gram Positive Cocci	1.1 	 Staph Aureus	"<img src=""sketchy.bacteria.gram_positive_cocci.staph_aureus.png"" />"	82	"<div class=""hotspot"" style=""left:64.40692204301075%;top: 24.600694444444443%;""></div>"	"<div class=""solution"" style=""left: 64.40692204301075%;top: 24.600694444444443%;""> Gram positive cocci, ""lancet shaped"" </div>"	sketchy.bacteria.gram_positive_cocci.staph_aureus	sketchy.bacteria.gram_positive_cocci.staph_aureus.png	930	630	64.40692204301075	24.600694444444443	"Gram positive cocci, ""lancet shaped"""
Bacteria	Chapter 1 	 Gram Positive Cocci	1.1 	 Staph Aureus	"<img src=""sketchy.bacteria.gram_positive_cocci.staph_aureus.png"" />"	83	"<div class=""hotspot"" style=""left:63.66599462365592%;top: 68.90128968253968%;""></div>"	"<div class=""solution"" style=""left: 63.66599462365592%;top: 68.90128968253968%;""> Causes dental carries </div>"	sketchy.bacteria.gram_positive_cocci.staph_aureus	sketchy.bacteria.gram_positive_cocci.staph_aureus.png	930	630	63.66599462365592	68.90128968253968	Causes dental carries
Bacteria	Chapter 1 	 Gram Positive Cocci	1.1 	 Staph Aureus	"<img src=""sketchy.bacteria.gram_positive_cocci.staph_aureus.png"" />"	84	"<div class=""hotspot"" style=""left:69.35315860215053%;top: 49.838789682539684%;""></div>"	"<div class=""solution"" style=""left: 69.35315860215053%;top: 49.838789682539684%;""> Synthesizes dextrans from glucose </div>"	sketchy.bacteria.gram_positive_cocci.staph_aureus	sketchy.bacteria.gram_positive_cocci.staph_aureus.png	930	630	69.35315860215053	49.838789682539684	Synthesizes dextrans from glucose
Bacteria	Chapter 1 	 Gram Positive Cocci	1.1 	 Staph Aureus	"<img src=""sketchy.bacteria.gram_positive_cocci.staph_aureus.png"" />"	85	"<div class=""hotspot"" style=""left:81.3961693548387%;top: 59.04513888888889%;""></div>"	"<div class=""solution"" style=""left: 81.3961693548387%;top: 59.04513888888889%;""> Adheres to fibrin-platelet aggregates in damaged heart valves </div>"	sketchy.bacteria.gram_positive_cocci.staph_aureus	sketchy.bacteria.gram_positive_cocci.staph_aureus.png	930	630	81.3961693548387	59.04513888888889	Adheres to fibrin-platelet aggregates in damaged heart valves
Bacteria	Chapter 1 	 Gram Positive Cocci	1.1 	 Staph Aureus	"<img src=""sketchy.bacteria.gram_positive_cocci.staph_aureus.png"" />"	86	"<div class=""hotspot"" style=""left:30.6434811827957%;top: 45.71180555555556%;""></div>"	"<div class=""solution"" style=""left: 30.6434811827957%;top: 45.71180555555556%;""> IgA protease is major virulence factor </div>"	sketchy.bacteria.gram_positive_cocci.staph_aureus	sketchy.bacteria.gram_positive_cocci.staph_aureus.png	930	630	30.6434811827957	45.71180555555556	IgA protease is major virulence factor
Bacteria	Chapter 1 	 Gram Positive Cocci	1.1 	 Staph Aureus	"<img src=""sketchy.bacteria.gram_positive_cocci.staph_aureus.png"" />"	87	"<div class=""hotspot"" style=""left:42.14885752688172%;top: 42.69593253968254%;""></div>"	"<div class=""solution"" style=""left: 42.14885752688172%;top: 42.69593253968254%;""> Produces lobal pneumonia with ""rusty sputum"" </div>"	sketchy.bacteria.gram_positive_cocci.staph_aureus	sketchy.bacteria.gram_positive_cocci.staph_aureus.png	930	630	42.14885752688172	42.69593253968254	"Produces lobal pneumonia with ""rusty sputum"""
Bacteria	Chapter 1 	 Gram Positive Cocci	1.1 	 Staph Aureus	"<img src=""sketchy.bacteria.gram_positive_cocci.staph_aureus.png"" />"	88	"<div class=""hotspot"" style=""left:31.39616935483871%;top: 47.299107142857146%;""></div>"	"<div class=""solution"" style=""left: 31.39616935483871%;top: 47.299107142857146%;""> Bile resistant </div>"	sketchy.bacteria.gram_positive_cocci.staph_aureus	sketchy.bacteria.gram_positive_cocci.staph_aureus.png	930	630	31.39616935483871	47.299107142857146	Bile resistant
Bacteria	Chapter 1 	 Gram Positive Cocci	1.1 	 Staph Aureus	"<img src=""sketchy.bacteria.gram_positive_cocci.staph_aureus.png"" />"	89	"<div class=""hotspot"" style=""left:28.93481182795699%;top: 77.63144841269842%;""></div>"	"<div class=""solution"" style=""left: 28.93481182795699%;top: 77.63144841269842%;""> Bile resistant </div>"	sketchy.bacteria.gram_positive_cocci.staph_aureus	sketchy.bacteria.gram_positive_cocci.staph_aureus.png	930	630	28.93481182795699	77.63144841269842	Bile resistant
Bacteria	Chapter 1 	 Gram Positive Cocci	1.1 	 Staph Aureus	"<img src=""sketchy.bacteria.gram_positive_cocci.staph_aureus.png"" />"	90	"<div class=""hotspot"" style=""left:65.37466397849462%;top: 65.5530753968254%;""></div>"	"<div class=""solution"" style=""left: 65.37466397849462%;top: 65.5530753968254%;""> Vancomycin resistant </div>"	sketchy.bacteria.gram_positive_cocci.staph_aureus	sketchy.bacteria.gram_positive_cocci.staph_aureus.png	930	630	65.37466397849462	65.5530753968254	Vancomycin resistant
Bacteria	Chapter 1 	 Gram Positive Cocci	1.1 	 Staph Aureus	"<img src=""sketchy.bacteria.gram_positive_cocci.staph_aureus.png"" />"	91	"<div class=""hotspot"" style=""left:42.04301075268817%;top: 93.80952380952381%;""></div>"	"<div class=""solution"" style=""left: 42.04301075268817%;top: 93.80952380952381%;""> Treatment: Linezolid </div>"	sketchy.bacteria.gram_positive_cocci.staph_aureus	sketchy.bacteria.gram_positive_cocci.staph_aureus.png	930	630	42.04301075268817	93.80952380952381	Treatment: Linezolid
Bacteria	Chapter 1 	 Gram Positive Cocci	1.1 	 Staph Aureus	"<img src=""sketchy.bacteria.gram_positive_cocci.staph_aureus.png"" />"	92	"<div class=""hotspot"" style=""left:72.7940188172043%;top: 85.55307539682539%;""></div>"	"<div class=""solution"" style=""left: 72.7940188172043%;top: 85.55307539682539%;""> Treatment: Tigecycline </div>"	sketchy.bacteria.gram_positive_cocci.staph_aureus	sketchy.bacteria.gram_positive_cocci.staph_aureus.png	930	630	72.7940188172043	85.55307539682539	Treatment: Tigecycline
Bacteria	Chapter 1 	 Gram Positive Cocci	1.1 	 Staph Aureus	"<img src=""sketchy.bacteria.gram_positive_cocci.staph_aureus.png"" />"	93	"<div class=""hotspot"" style=""left:32.57896505376344%;top: 6.981646825396826%;""></div>"	"<div class=""solution"" style=""left: 32.57896505376344%;top: 6.981646825396826%;""> E. Faecalis - More prevalent, less pathogenic </div>"	sketchy.bacteria.gram_positive_cocci.staph_aureus	sketchy.bacteria.gram_positive_cocci.staph_aureus.png	930	630	32.57896505376344	6.981646825396826	E. Faecalis - More prevalent, less pathogenic
Bacteria	Chapter 1 	 Gram Positive Cocci	1.1 	 Staph Aureus	"<img src=""sketchy.bacteria.gram_positive_cocci.staph_aureus.png"" />"	94	"<div class=""hotspot"" style=""left:22.688172043010752%;top: 39.20386904761905%;""></div>"	"<div class=""solution"" style=""left: 22.688172043010752%;top: 39.20386904761905%;""> E. Faecium - Less prevalent, more pathogenic </div>"	sketchy.bacteria.gram_positive_cocci.staph_aureus	sketchy.bacteria.gram_positive_cocci.staph_aureus.png	930	630	22.688172043010752	39.20386904761905	E. Faecium - Less prevalent, more pathogenic
Bacteria	Chapter 1 	 Gram Positive Cocci	1.1 	 Staph Aureus	"<img src=""sketchy.bacteria.gram_positive_cocci.staph_aureus.png"" />"	95	"<div class=""hotspot"" style=""left:49.783266129032256%;top: 41.90228174603175%;""></div>"	"<div class=""solution"" style=""left: 49.783266129032256%;top: 41.90228174603175%;""> May cause of endocarditis, UTI, and biliary tree infection </div>"	sketchy.bacteria.gram_positive_cocci.staph_aureus	sketchy.bacteria.gram_positive_cocci.staph_aureus.png	930	630	49.783266129032256	41.90228174603175	May cause of endocarditis, UTI, and biliary tree infection
Bacteria	Chapter 1 	 Gram Positive Cocci	1.2 	 Staph Epidermidis	"<img src=""sketchy.bacteria.gram_positive_cocci.staph_epidermidis.png"" />"	0	"<div class=""hotspot"" style=""left:60.322580645161295%;top: 40.89265046296296%;""></div>"	"<div class=""solution"" style=""left: 60.322580645161295%;top: 40.89265046296296%;""> Coagulase negative </div>"	sketchy.bacteria.gram_positive_cocci.staph_epidermidis	sketchy.bacteria.gram_positive_cocci.staph_epidermidis.png	930	648	60.322580645161295	40.89265046296296	Coagulase negative
Bacteria	Chapter 1 	 Gram Positive Cocci	1.2 	 Staph Epidermidis	"<img src=""sketchy.bacteria.gram_positive_cocci.staph_epidermidis.png"" />"	1	"<div class=""hotspot"" style=""left:48.60047043010753%;top: 74.22839506172839%;""></div>"	"<div class=""solution"" style=""left: 48.60047043010753%;top: 74.22839506172839%;""> S. epidermidis is novobiocin sensitive </div>"	sketchy.bacteria.gram_positive_cocci.staph_epidermidis	sketchy.bacteria.gram_positive_cocci.staph_epidermidis.png	930	648	48.60047043010753	74.22839506172839	S. epidermidis is novobiocin sensitive
Bacteria	Chapter 1 	 Gram Positive Cocci	1.2 	 Staph Epidermidis	"<img src=""sketchy.bacteria.gram_positive_cocci.staph_epidermidis.png"" />"	2	"<div class=""hotspot"" style=""left:78.17036290322581%;top: 50.92351466049383%;""></div>"	"<div class=""solution"" style=""left: 78.17036290322581%;top: 50.92351466049383%;""> S. saprophyticus is novobiocin resistant </div>"	sketchy.bacteria.gram_positive_cocci.staph_epidermidis	sketchy.bacteria.gram_positive_cocci.staph_epidermidis.png	930	648	78.17036290322581	50.92351466049383	S. saprophyticus is novobiocin resistant
Bacteria	Chapter 1 	 Gram Positive Cocci	1.2 	 Staph Epidermidis	"<img src=""sketchy.bacteria.gram_positive_cocci.staph_epidermidis.png"" />"	3	"<div class=""hotspot"" style=""left:35.48219086021505%;top: 63.732156635802475%;""></div>"	"<div class=""solution"" style=""left: 35.48219086021505%;top: 63.732156635802475%;""> Associated with prosthetic joint infection </div>"	sketchy.bacteria.gram_positive_cocci.staph_epidermidis	sketchy.bacteria.gram_positive_cocci.staph_epidermidis.png	930	648	35.48219086021505	63.732156635802475	Associated with prosthetic joint infection
Bacteria	Chapter 1 	 Gram Positive Cocci	1.2 	 Staph Epidermidis	"<img src=""sketchy.bacteria.gram_positive_cocci.staph_epidermidis.png"" />"	4	"<div class=""hotspot"" style=""left:24.944556451612904%;top: 70.98524305555556%;""></div>"	"<div class=""solution"" style=""left: 24.944556451612904%;top: 70.98524305555556%;""> Associated with prosthetic valve infection </div>"	sketchy.bacteria.gram_positive_cocci.staph_epidermidis	sketchy.bacteria.gram_positive_cocci.staph_epidermidis.png	930	648	24.944556451612904	70.98524305555556	Associated with prosthetic valve infection
Bacteria	Chapter 1 	 Gram Positive Cocci	1.2 	 Staph Epidermidis	"<img src=""sketchy.bacteria.gram_positive_cocci.staph_epidermidis.png"" />"	5	"<div class=""hotspot"" style=""left:16.880040322580644%;top: 48.60869984567901%;""></div>"	"<div class=""solution"" style=""left: 16.880040322580644%;top: 48.60869984567901%;""> Catalase positive </div>"	sketchy.bacteria.gram_positive_cocci.staph_epidermidis	sketchy.bacteria.gram_positive_cocci.staph_epidermidis.png	930	648	16.880040322580644	48.60869984567901	Catalase positive
Bacteria	Chapter 1 	 Gram Positive Cocci	1.2 	 Staph Epidermidis	"<img src=""sketchy.bacteria.gram_positive_cocci.staph_epidermidis.png"" />"	6	"<div class=""hotspot"" style=""left:32.903225806451616%;top: 40.58400848765432%;""></div>"	"<div class=""solution"" style=""left: 32.903225806451616%;top: 40.58400848765432%;""> Urease positive </div>"	sketchy.bacteria.gram_positive_cocci.staph_epidermidis	sketchy.bacteria.gram_positive_cocci.staph_epidermidis.png	930	648	32.903225806451616	40.58400848765432	Urease positive
Bacteria	Chapter 1 	 Gram Positive Cocci	1.2 	 Staph Epidermidis	"<img src=""sketchy.bacteria.gram_positive_cocci.staph_epidermidis.png"" />"	7	"<div class=""hotspot"" style=""left:40.96774193548387%;top: 30.090181327160494%;""></div>"	"<div class=""solution"" style=""left: 40.96774193548387%;top: 30.090181327160494%;""> Vancomycin may be used to treat </div>"	sketchy.bacteria.gram_positive_cocci.staph_epidermidis	sketchy.bacteria.gram_positive_cocci.staph_epidermidis.png	930	648	40.96774193548387	30.090181327160494	Vancomycin may be used to treat
Bacteria	Chapter 1 	 Gram Positive Cocci	1.2 	 Staph Epidermidis	"<img src=""sketchy.bacteria.gram_positive_cocci.staph_epidermidis.png"" />"	8	"<div class=""hotspot"" style=""left:87.95530913978494%;top: 47.528452932098766%;""></div>"	"<div class=""solution"" style=""left: 87.95530913978494%;top: 47.528452932098766%;""> S. saprophyticus is a common cause of UTI in sexually active females </div>"	sketchy.bacteria.gram_positive_cocci.staph_epidermidis	sketchy.bacteria.gram_positive_cocci.staph_epidermidis.png	930	648	87.95530913978494	47.528452932098766	S. saprophyticus is a common cause of UTI in sexually active females
Bacteria	Chapter 1 	 Gram Positive Cocci	1.2 	 Staph Epidermidis	"<img src=""sketchy.bacteria.gram_positive_cocci.staph_epidermidis.png"" />"	9	"<div class=""hotspot"" style=""left:39.13810483870967%;top: 53.85561342592593%;""></div>"	"<div class=""solution"" style=""left: 39.13810483870967%;top: 53.85561342592593%;""> Produces thick biofilms that adhere to prosthetic surfaces </div>"	sketchy.bacteria.gram_positive_cocci.staph_epidermidis	sketchy.bacteria.gram_positive_cocci.staph_epidermidis.png	930	648	39.13810483870967	53.85561342592593	Produces thick biofilms that adhere to prosthetic surfaces
Bacteria	Chapter 1 	 Gram Positive Cocci	1.2 	 Staph Epidermidis	"<img src=""sketchy.bacteria.gram_positive_cocci.staph_epidermidis.png"" />"	10	"<div class=""hotspot"" style=""left:22.90154569892473%;top: 90.73832947530865%;""></div>"	"<div class=""solution"" style=""left: 22.90154569892473%;top: 90.73832947530865%;""> Commonly contaminates blood cultures </div>"	sketchy.bacteria.gram_positive_cocci.staph_epidermidis	sketchy.bacteria.gram_positive_cocci.staph_epidermidis.png	930	648	22.90154569892473	90.73832947530865	Commonly contaminates blood cultures
Bacteria	Chapter 1 	 Gram Positive Cocci	1.2 	 Staph Epidermidis	"<img src=""sketchy.bacteria.gram_positive_cocci.staph_epidermidis.png"" />"	11	"<div class=""hotspot"" style=""left:43.224126344086024%;top: 63.88647762345679%;""></div>"	"<div class=""solution"" style=""left: 43.224126344086024%;top: 63.88647762345679%;""> Normal skin flora </div>"	sketchy.bacteria.gram_positive_cocci.staph_epidermidis	sketchy.bacteria.gram_positive_cocci.staph_epidermidis.png	930	648	43.224126344086024	63.88647762345679	Normal skin flora
Bacteria	Chapter 1 	 Gram Positive Cocci	1.3 	 Strep pyogenes (Group A Strep)	"<img src=""sketchy.bacteria.gram_positive_cocci.strep_pyogenes_(group_a_strep).png"" />"	0	"<div class=""hotspot"" style=""left:48.70967741935484%;top: 14.444444444444443%;""></div>"	"<div class=""solution"" style=""left: 48.70967741935484%;top: 14.444444444444443%;""> Beta hemolytic </div>"	sketchy.bacteria.gram_positive_cocci.strep_pyogenes_(group_a_strep)	sketchy.bacteria.gram_positive_cocci.strep_pyogenes_(group_a_strep).png	930	630	48.70967741935484	14.444444444444443	Beta hemolytic
Bacteria	Chapter 1 	 Gram Positive Cocci	1.3 	 Strep pyogenes (Group A Strep)	"<img src=""sketchy.bacteria.gram_positive_cocci.strep_pyogenes_(group_a_strep).png"" />"	1	"<div class=""hotspot"" style=""left:49.24731182795699%;top: 73.80952380952381%;""></div>"	"<div class=""solution"" style=""left: 49.24731182795699%;top: 73.80952380952381%;""> Bacitracin sensitive </div>"	sketchy.bacteria.gram_positive_cocci.strep_pyogenes_(group_a_strep)	sketchy.bacteria.gram_positive_cocci.strep_pyogenes_(group_a_strep).png	930	630	49.24731182795699	73.80952380952381	Bacitracin sensitive
Bacteria	Chapter 1 	 Gram Positive Cocci	1.3 	 Strep pyogenes (Group A Strep)	"<img src=""sketchy.bacteria.gram_positive_cocci.strep_pyogenes_(group_a_strep).png"" />"	2	"<div class=""hotspot"" style=""left:55.26881720430108%;top: 87.61904761904762%;""></div>"	"<div class=""solution"" style=""left: 55.26881720430108%;top: 87.61904761904762%;""> Streptolysin O </div>"	sketchy.bacteria.gram_positive_cocci.strep_pyogenes_(group_a_strep)	sketchy.bacteria.gram_positive_cocci.strep_pyogenes_(group_a_strep).png	930	630	55.26881720430108	87.61904761904762	Streptolysin O
Bacteria	Chapter 1 	 Gram Positive Cocci	1.3 	 Strep pyogenes (Group A Strep)	"<img src=""sketchy.bacteria.gram_positive_cocci.strep_pyogenes_(group_a_strep).png"" />"	3	"<div class=""hotspot"" style=""left:66.34408602150538%;top: 91.42857142857143%;""></div>"	"<div class=""solution"" style=""left: 66.34408602150538%;top: 91.42857142857143%;""> Anti-Streptolysin O </div>"	sketchy.bacteria.gram_positive_cocci.strep_pyogenes_(group_a_strep)	sketchy.bacteria.gram_positive_cocci.strep_pyogenes_(group_a_strep).png	930	630	66.34408602150538	91.42857142857143	Anti-Streptolysin O
Bacteria	Chapter 1 	 Gram Positive Cocci	1.3 	 Strep pyogenes (Group A Strep)	"<img src=""sketchy.bacteria.gram_positive_cocci.strep_pyogenes_(group_a_strep).png"" />"	4	"<div class=""hotspot"" style=""left:19.247311827956988%;top: 79.04761904761905%;""></div>"	"<div class=""solution"" style=""left: 19.247311827956988%;top: 79.04761904761905%;""> Check ASO titer </div>"	sketchy.bacteria.gram_positive_cocci.strep_pyogenes_(group_a_strep)	sketchy.bacteria.gram_positive_cocci.strep_pyogenes_(group_a_strep).png	930	630	19.247311827956988	79.04761904761905	Check ASO titer
Bacteria	Chapter 1 	 Gram Positive Cocci	1.3 	 Strep pyogenes (Group A Strep)	"<img src=""sketchy.bacteria.gram_positive_cocci.strep_pyogenes_(group_a_strep).png"" />"	5	"<div class=""hotspot"" style=""left:33.33333333333333%;top: 52.22222222222223%;""></div>"	"<div class=""solution"" style=""left: 33.33333333333333%;top: 52.22222222222223%;""> Impetigo </div>"	sketchy.bacteria.gram_positive_cocci.strep_pyogenes_(group_a_strep)	sketchy.bacteria.gram_positive_cocci.strep_pyogenes_(group_a_strep).png	930	630	33.33333333333333	52.22222222222223	Impetigo
Bacteria	Chapter 1 	 Gram Positive Cocci	1.3 	 Strep pyogenes (Group A Strep)	"<img src=""sketchy.bacteria.gram_positive_cocci.strep_pyogenes_(group_a_strep).png"" />"	6	"<div class=""hotspot"" style=""left:39.462365591397855%;top: 59.20634920634921%;""></div>"	"<div class=""solution"" style=""left: 39.462365591397855%;top: 59.20634920634921%;""> Erysipelas </div>"	sketchy.bacteria.gram_positive_cocci.strep_pyogenes_(group_a_strep)	sketchy.bacteria.gram_positive_cocci.strep_pyogenes_(group_a_strep).png	930	630	39.462365591397855	59.20634920634921	Erysipelas
Bacteria	Chapter 1 	 Gram Positive Cocci	1.3 	 Strep pyogenes (Group A Strep)	"<img src=""sketchy.bacteria.gram_positive_cocci.strep_pyogenes_(group_a_strep).png"" />"	7	"<div class=""hotspot"" style=""left:32.903225806451616%;top: 36.03174603174603%;""></div>"	"<div class=""solution"" style=""left: 32.903225806451616%;top: 36.03174603174603%;""> Pharyngitis </div>"	sketchy.bacteria.gram_positive_cocci.strep_pyogenes_(group_a_strep)	sketchy.bacteria.gram_positive_cocci.strep_pyogenes_(group_a_strep).png	930	630	32.903225806451616	36.03174603174603	Pharyngitis
Bacteria	Chapter 1 	 Gram Positive Cocci	1.3 	 Strep pyogenes (Group A Strep)	"<img src=""sketchy.bacteria.gram_positive_cocci.strep_pyogenes_(group_a_strep).png"" />"	8	"<div class=""hotspot"" style=""left:17.8494623655914%;top: 18.095238095238095%;""></div>"	"<div class=""solution"" style=""left: 17.8494623655914%;top: 18.095238095238095%;""> Strawberry tongue </div>"	sketchy.bacteria.gram_positive_cocci.strep_pyogenes_(group_a_strep)	sketchy.bacteria.gram_positive_cocci.strep_pyogenes_(group_a_strep).png	930	630	17.8494623655914	18.095238095238095	Strawberry tongue
Bacteria	Chapter 1 	 Gram Positive Cocci	1.3 	 Strep pyogenes (Group A Strep)	"<img src=""sketchy.bacteria.gram_positive_cocci.strep_pyogenes_(group_a_strep).png"" />"	9	"<div class=""hotspot"" style=""left:3.978494623655914%;top: 35.55555555555556%;""></div>"	"<div class=""solution"" style=""left: 3.978494623655914%;top: 35.55555555555556%;""> Strep-TSST (acts as super antigen) causes Streptococcal Toxic Shock Syndrome </div>"	sketchy.bacteria.gram_positive_cocci.strep_pyogenes_(group_a_strep)	sketchy.bacteria.gram_positive_cocci.strep_pyogenes_(group_a_strep).png	930	630	3.978494623655914	35.55555555555556	Strep-TSST (acts as super antigen) causes Streptococcal Toxic Shock Syndrome
Bacteria	Chapter 1 	 Gram Positive Cocci	1.3 	 Strep pyogenes (Group A Strep)	"<img src=""sketchy.bacteria.gram_positive_cocci.strep_pyogenes_(group_a_strep).png"" />"	10	"<div class=""hotspot"" style=""left:18.70967741935484%;top: 53.80952380952381%;""></div>"	"<div class=""solution"" style=""left: 18.70967741935484%;top: 53.80952380952381%;""> Scarlet fever (erythrogenic toxin) </div>"	sketchy.bacteria.gram_positive_cocci.strep_pyogenes_(group_a_strep)	sketchy.bacteria.gram_positive_cocci.strep_pyogenes_(group_a_strep).png	930	630	18.70967741935484	53.80952380952381	Scarlet fever (erythrogenic toxin)
Bacteria	Chapter 1 	 Gram Positive Cocci	1.3 	 Strep pyogenes (Group A Strep)	"<img src=""sketchy.bacteria.gram_positive_cocci.strep_pyogenes_(group_a_strep).png"" />"	11	"<div class=""hotspot"" style=""left:12.365591397849462%;top: 53.492063492063494%;""></div>"	"<div class=""solution"" style=""left: 12.365591397849462%;top: 53.492063492063494%;""> Necrotizing Fasciitis (Exotoxin B) </div>"	sketchy.bacteria.gram_positive_cocci.strep_pyogenes_(group_a_strep)	sketchy.bacteria.gram_positive_cocci.strep_pyogenes_(group_a_strep).png	930	630	12.365591397849462	53.492063492063494	Necrotizing Fasciitis (Exotoxin B)
Bacteria	Chapter 1 	 Gram Positive Cocci	1.3 	 Strep pyogenes (Group A Strep)	"<img src=""sketchy.bacteria.gram_positive_cocci.strep_pyogenes_(group_a_strep).png"" />"	12	"<div class=""hotspot"" style=""left:49.24731182795699%;top: 30%;""></div>"	"<div class=""solution"" style=""left: 49.24731182795699%;top: 30%;""> Hyaluronic Acid capsule </div>"	sketchy.bacteria.gram_positive_cocci.strep_pyogenes_(group_a_strep)	sketchy.bacteria.gram_positive_cocci.strep_pyogenes_(group_a_strep).png	930	630	49.24731182795699	30	Hyaluronic Acid capsule
Bacteria	Chapter 1 	 Gram Positive Cocci	1.3 	 Strep pyogenes (Group A Strep)	"<img src=""sketchy.bacteria.gram_positive_cocci.strep_pyogenes_(group_a_strep).png"" />"	13	"<div class=""hotspot"" style=""left:76.34408602150538%;top: 38.57142857142858%;""></div>"	"<div class=""solution"" style=""left: 76.34408602150538%;top: 38.57142857142858%;""> M protein: prevents phagocytosis </div>"	sketchy.bacteria.gram_positive_cocci.strep_pyogenes_(group_a_strep)	sketchy.bacteria.gram_positive_cocci.strep_pyogenes_(group_a_strep).png	930	630	76.34408602150538	38.57142857142858	M protein: prevents phagocytosis
Bacteria	Chapter 1 	 Gram Positive Cocci	1.3 	 Strep pyogenes (Group A Strep)	"<img src=""sketchy.bacteria.gram_positive_cocci.strep_pyogenes_(group_a_strep).png"" />"	14	"<div class=""hotspot"" style=""left:62.795698924731184%;top: 14.761904761904763%;""></div>"	"<div class=""solution"" style=""left: 62.795698924731184%;top: 14.761904761904763%;""> Endocarditis: affects mitral valve </div>"	sketchy.bacteria.gram_positive_cocci.strep_pyogenes_(group_a_strep)	sketchy.bacteria.gram_positive_cocci.strep_pyogenes_(group_a_strep).png	930	630	62.795698924731184	14.761904761904763	Endocarditis: affects mitral valve
Bacteria	Chapter 1 	 Gram Positive Cocci	1.3 	 Strep pyogenes (Group A Strep)	"<img src=""sketchy.bacteria.gram_positive_cocci.strep_pyogenes_(group_a_strep).png"" />"	15	"<div class=""hotspot"" style=""left:62.795698924731184%;top: 20.476190476190474%;""></div>"	"<div class=""solution"" style=""left: 62.795698924731184%;top: 20.476190476190474%;""> anti-M protein antibodies cause Rheumatic Fever </div>"	sketchy.bacteria.gram_positive_cocci.strep_pyogenes_(group_a_strep)	sketchy.bacteria.gram_positive_cocci.strep_pyogenes_(group_a_strep).png	930	630	62.795698924731184	20.476190476190474	anti-M protein antibodies cause Rheumatic Fever
Bacteria	Chapter 1 	 Gram Positive Cocci	1.3 	 Strep pyogenes (Group A Strep)	"<img src=""sketchy.bacteria.gram_positive_cocci.strep_pyogenes_(group_a_strep).png"" />"	16	"<div class=""hotspot"" style=""left:55.483870967741936%;top: 47.77777777777778%;""></div>"	"<div class=""solution"" style=""left: 55.483870967741936%;top: 47.77777777777778%;""> Jones criteria for RF: Joints (polyarthritis) </div>"	sketchy.bacteria.gram_positive_cocci.strep_pyogenes_(group_a_strep)	sketchy.bacteria.gram_positive_cocci.strep_pyogenes_(group_a_strep).png	930	630	55.483870967741936	47.77777777777778	Jones criteria for RF: Joints (polyarthritis)
Bacteria	Chapter 1 	 Gram Positive Cocci	1.3 	 Strep pyogenes (Group A Strep)	"<img src=""sketchy.bacteria.gram_positive_cocci.strep_pyogenes_(group_a_strep).png"" />"	17	"<div class=""hotspot"" style=""left:59.24731182795699%;top: 50.79365079365079%;""></div>"	"<div class=""solution"" style=""left: 59.24731182795699%;top: 50.79365079365079%;""> Jones criteria for RF: heart (carditis) </div>"	sketchy.bacteria.gram_positive_cocci.strep_pyogenes_(group_a_strep)	sketchy.bacteria.gram_positive_cocci.strep_pyogenes_(group_a_strep).png	930	630	59.24731182795699	50.79365079365079	Jones criteria for RF: heart (carditis)
Bacteria	Chapter 1 	 Gram Positive Cocci	1.3 	 Strep pyogenes (Group A Strep)	"<img src=""sketchy.bacteria.gram_positive_cocci.strep_pyogenes_(group_a_strep).png"" />"	18	"<div class=""hotspot"" style=""left:65.26881720430107%;top: 47.77777777777778%;""></div>"	"<div class=""solution"" style=""left: 65.26881720430107%;top: 47.77777777777778%;""> Jones criteria for RF: Nodules (Subcutaneous nodules) </div>"	sketchy.bacteria.gram_positive_cocci.strep_pyogenes_(group_a_strep)	sketchy.bacteria.gram_positive_cocci.strep_pyogenes_(group_a_strep).png	930	630	65.26881720430107	47.77777777777778	Jones criteria for RF: Nodules (Subcutaneous nodules)
Bacteria	Chapter 1 	 Gram Positive Cocci	1.3 	 Strep pyogenes (Group A Strep)	"<img src=""sketchy.bacteria.gram_positive_cocci.strep_pyogenes_(group_a_strep).png"" />"	19	"<div class=""hotspot"" style=""left:70.96774193548387%;top: 50.317460317460316%;""></div>"	"<div class=""solution"" style=""left: 70.96774193548387%;top: 50.317460317460316%;""> Jones criteria for RF: Erythema Marginatum </div>"	sketchy.bacteria.gram_positive_cocci.strep_pyogenes_(group_a_strep)	sketchy.bacteria.gram_positive_cocci.strep_pyogenes_(group_a_strep).png	930	630	70.96774193548387	50.317460317460316	Jones criteria for RF: Erythema Marginatum
Bacteria	Chapter 1 	 Gram Positive Cocci	1.3 	 Strep pyogenes (Group A Strep)	"<img src=""sketchy.bacteria.gram_positive_cocci.strep_pyogenes_(group_a_strep).png"" />"	20	"<div class=""hotspot"" style=""left:78.06451612903226%;top: 49.36507936507937%;""></div>"	"<div class=""solution"" style=""left: 78.06451612903226%;top: 49.36507936507937%;""> Jones criteria for RF: Sydenham's Chorea </div>"	sketchy.bacteria.gram_positive_cocci.strep_pyogenes_(group_a_strep)	sketchy.bacteria.gram_positive_cocci.strep_pyogenes_(group_a_strep).png	930	630	78.06451612903226	49.36507936507937	Jones criteria for RF: Sydenham's Chorea
Bacteria	Chapter 1 	 Gram Positive Cocci	1.3 	 Strep pyogenes (Group A Strep)	"<img src=""sketchy.bacteria.gram_positive_cocci.strep_pyogenes_(group_a_strep).png"" />"	21	"<div class=""hotspot"" style=""left:80.53763440860216%;top: 66.98412698412697%;""></div>"	"<div class=""solution"" style=""left: 80.53763440860216%;top: 66.98412698412697%;""> Cola colored urine with PSGN </div>"	sketchy.bacteria.gram_positive_cocci.strep_pyogenes_(group_a_strep)	sketchy.bacteria.gram_positive_cocci.strep_pyogenes_(group_a_strep).png	930	630	80.53763440860216	66.98412698412697	Cola colored urine with PSGN
Bacteria	Chapter 1 	 Gram Positive Cocci	1.3 	 Strep pyogenes (Group A Strep)	"<img src=""sketchy.bacteria.gram_positive_cocci.strep_pyogenes_(group_a_strep).png"" />"	22	"<div class=""hotspot"" style=""left:57.096774193548384%;top: 70.47619047619048%;""></div>"	"<div class=""solution"" style=""left: 57.096774193548384%;top: 70.47619047619048%;""> DNAse B </div>"	sketchy.bacteria.gram_positive_cocci.strep_pyogenes_(group_a_strep)	sketchy.bacteria.gram_positive_cocci.strep_pyogenes_(group_a_strep).png	930	630	57.096774193548384	70.47619047619048	DNAse B
Bacteria	Chapter 1 	 Gram Positive Cocci	1.3 	 Strep pyogenes (Group A Strep)	"<img src=""sketchy.bacteria.gram_positive_cocci.strep_pyogenes_(group_a_strep).png"" />"	23	"<div class=""hotspot"" style=""left:57.52688172043011%;top: 79.52380952380952%;""></div>"	"<div class=""solution"" style=""left: 57.52688172043011%;top: 79.52380952380952%;""> Streptokinase </div>"	sketchy.bacteria.gram_positive_cocci.strep_pyogenes_(group_a_strep)	sketchy.bacteria.gram_positive_cocci.strep_pyogenes_(group_a_strep).png	930	630	57.52688172043011	79.52380952380952	Streptokinase
Bacteria	Chapter 1 	 Gram Positive Cocci	1.3 	 Strep pyogenes (Group A Strep)	"<img src=""sketchy.bacteria.gram_positive_cocci.strep_pyogenes_(group_a_strep).png"" />"	24	"<div class=""hotspot"" style=""left:88.70967741935483%;top: 29.20634920634921%;""></div>"	"<div class=""solution"" style=""left: 88.70967741935483%;top: 29.20634920634921%;""> Post-strep glomerulonephritis (PSGN) </div>"	sketchy.bacteria.gram_positive_cocci.strep_pyogenes_(group_a_strep)	sketchy.bacteria.gram_positive_cocci.strep_pyogenes_(group_a_strep).png	930	630	88.70967741935483	29.20634920634921	Post-strep glomerulonephritis (PSGN)
Bacteria	Chapter 1 	 Gram Positive Cocci	1.3 	 Strep pyogenes (Group A Strep)	"<img src=""sketchy.bacteria.gram_positive_cocci.strep_pyogenes_(group_a_strep).png"" />"	25	"<div class=""hotspot"" style=""left:87.52688172043011%;top: 14.444444444444443%;""></div>"	"<div class=""solution"" style=""left: 87.52688172043011%;top: 14.444444444444443%;""> PSGN occurs 2 weeks after Strep infection </div>"	sketchy.bacteria.gram_positive_cocci.strep_pyogenes_(group_a_strep)	sketchy.bacteria.gram_positive_cocci.strep_pyogenes_(group_a_strep).png	930	630	87.52688172043011	14.444444444444443	PSGN occurs 2 weeks after Strep infection
Bacteria	Chapter 1 	 Gram Positive Cocci	1.3 	 Strep pyogenes (Group A Strep)	"<img src=""sketchy.bacteria.gram_positive_cocci.strep_pyogenes_(group_a_strep).png"" />"	26	"<div class=""hotspot"" style=""left:74.08602150537634%;top: 18.73015873015873%;""></div>"	"<div class=""solution"" style=""left: 74.08602150537634%;top: 18.73015873015873%;""> Facial swelling seen in PSGN </div>"	sketchy.bacteria.gram_positive_cocci.strep_pyogenes_(group_a_strep)	sketchy.bacteria.gram_positive_cocci.strep_pyogenes_(group_a_strep).png	930	630	74.08602150537634	18.73015873015873	Facial swelling seen in PSGN
Bacteria	Chapter 1 	 Gram Positive Cocci	1.3 	 Strep pyogenes (Group A Strep)	"<img src=""sketchy.bacteria.gram_positive_cocci.strep_pyogenes_(group_a_strep).png"" />"	27	"<div class=""hotspot"" style=""left:75.16129032258064%;top: 22.380952380952383%;""></div>"	"<div class=""solution"" style=""left: 75.16129032258064%;top: 22.380952380952383%;""> PSGN most common after superficial skin infection (impetigo). In contrast to Acute RF which requires Strep pharyngitis. </div>"	sketchy.bacteria.gram_positive_cocci.strep_pyogenes_(group_a_strep)	sketchy.bacteria.gram_positive_cocci.strep_pyogenes_(group_a_strep).png	930	630	75.16129032258064	22.380952380952383	PSGN most common after superficial skin infection (impetigo). In contrast to Acute RF which requires Strep pharyngitis.
Bacteria	Chapter 1 	 Gram Positive Cocci	1.3 	 Strep pyogenes (Group A Strep)	"<img src=""sketchy.bacteria.gram_positive_cocci.strep_pyogenes_(group_a_strep).png"" />"	28	"<div class=""hotspot"" style=""left:69.13978494623656%;top: 13.492063492063492%;""></div>"	"<div class=""solution"" style=""left: 69.13978494623656%;top: 13.492063492063492%;""> Penicillin for treatment (prevents RF but not PSGN) </div>"	sketchy.bacteria.gram_positive_cocci.strep_pyogenes_(group_a_strep)	sketchy.bacteria.gram_positive_cocci.strep_pyogenes_(group_a_strep).png	930	630	69.13978494623656	13.492063492063492	Penicillin for treatment (prevents RF but not PSGN)
Bacteria	Chapter 1 	 Gram Positive Cocci	1.4 	 Strep agalactiae (Group B Strep)	"<img src=""sketchy.bacteria.gram_positive_cocci.strep_agalactiae_(group_b_strep).png"" />"	0	"<div class=""hotspot"" style=""left:15.935819892473118%;top: 11.93452380952381%;""></div>"	"<div class=""solution"" style=""left: 15.935819892473118%;top: 11.93452380952381%;""> Beta hemolytic </div>"	sketchy.bacteria.gram_positive_cocci.strep_agalactiae_(group_b_strep)	sketchy.bacteria.gram_positive_cocci.strep_agalactiae_(group_b_strep).png	930	630	15.935819892473118	11.93452380952381	Beta hemolytic
Bacteria	Chapter 1 	 Gram Positive Cocci	1.4 	 Strep agalactiae (Group B Strep)	"<img src=""sketchy.bacteria.gram_positive_cocci.strep_agalactiae_(group_b_strep).png"" />"	1	"<div class=""hotspot"" style=""left:68.17036290322581%;top: 57.93402777777777%;""></div>"	"<div class=""solution"" style=""left: 68.17036290322581%;top: 57.93402777777777%;""> Bacitracin resistant </div>"	sketchy.bacteria.gram_positive_cocci.strep_agalactiae_(group_b_strep)	sketchy.bacteria.gram_positive_cocci.strep_agalactiae_(group_b_strep).png	930	630	68.17036290322581	57.93402777777777	Bacitracin resistant
Bacteria	Chapter 1 	 Gram Positive Cocci	1.4 	 Strep agalactiae (Group B Strep)	"<img src=""sketchy.bacteria.gram_positive_cocci.strep_agalactiae_(group_b_strep).png"" />"	2	"<div class=""hotspot"" style=""left:44.193548387096776%;top: 48.09275793650794%;""></div>"	"<div class=""solution"" style=""left: 44.193548387096776%;top: 48.09275793650794%;""> Meningitis in newborns </div>"	sketchy.bacteria.gram_positive_cocci.strep_agalactiae_(group_b_strep)	sketchy.bacteria.gram_positive_cocci.strep_agalactiae_(group_b_strep).png	930	630	44.193548387096776	48.09275793650794	Meningitis in newborns
Bacteria	Chapter 1 	 Gram Positive Cocci	1.4 	 Strep agalactiae (Group B Strep)	"<img src=""sketchy.bacteria.gram_positive_cocci.strep_agalactiae_(group_b_strep).png"" />"	3	"<div class=""hotspot"" style=""left:45.15793010752688%;top: 85.87301587301587%;""></div>"	"<div class=""solution"" style=""left: 45.15793010752688%;top: 85.87301587301587%;""> Hydrolyzes sodium