Bacteria::Chapter 1 - Gram Positive Cocci::1.1 - Staph Aureus	Bacteria	Chapter 1	Gram Positive Cocci	1.1	Staph Aureus	"<img src=""sketchy.bacteria.gram_positive_cocci.staph_aureus.jpg"" />"	"<div class=""hotspot"" style=""left:47.41935483870968%;top: 84.28571428571429%;""></div><div class=""solution"" style=""left: 47.41935483870968%;top: 84.28571428571429%;""> Catalase Positive </div>
<div class=""hotspot"" style=""left:54.3010752688172%;top: 80%;""></div><div class=""solution"" style=""left: 54.3010752688172%;top: 80%;""> Beta hemolytic </div>
<div class=""hotspot"" style=""left:84.51612903225806%;top: 60.476190476190474%;""></div><div class=""solution"" style=""left: 84.51612903225806%;top: 60.476190476190474%;""> Coagulase positive </div>
<div class=""hotspot"" style=""left:71.93548387096774%;top: 12.063492063492063%;""></div><div class=""solution"" style=""left: 71.93548387096774%;top: 12.063492063492063%;""> Tricuspid endocarditis in IV drug users </div>
<div class=""hotspot"" style=""left:25.161290322580644%;top: 39.36507936507937%;""></div><div class=""solution"" style=""left: 25.161290322580644%;top: 39.36507936507937%;""> Vancomycin for treatment if MRSA </div>
<div class=""hotspot"" style=""left:7.741935483870968%;top: 87.77777777777777%;""></div><div class=""solution"" style=""left: 7.741935483870968%;top: 87.77777777777777%;""> Colonizes nares </div>
<div class=""hotspot"" style=""left:36.12903225806451%;top: 50.317460317460316%;""></div><div class=""solution"" style=""left: 36.12903225806451%;top: 50.317460317460316%;""> Fast onset food poisoning </div>
<div class=""hotspot"" style=""left:52.1505376344086%;top: 36.98412698412699%;""></div><div class=""solution"" style=""left: 52.1505376344086%;top: 36.98412698412699%;""> Osteomyelitis </div>
<div class=""hotspot"" style=""left:40.53763440860215%;top: 10%;""></div><div class=""solution"" style=""left: 40.53763440860215%;top: 10%;""> Abscess formation </div>
<div class=""hotspot"" style=""left:41.075268817204304%;top: 19.841269841269842%;""></div><div class=""solution"" style=""left: 41.075268817204304%;top: 19.841269841269842%;""> Post viral URI pneumonia </div>
<div class=""hotspot"" style=""left:42.1505376344086%;top: 42.22222222222222%;""></div><div class=""solution"" style=""left: 42.1505376344086%;top: 42.22222222222222%;""> Pneumonia: patchy infiltrate on CXR </div>
<div class=""hotspot"" style=""left:60.967741935483865%;top: 48.095238095238095%;""></div><div class=""solution"" style=""left: 60.967741935483865%;top: 48.095238095238095%;""> Ferments mannitol salt </div>
<div class=""hotspot"" style=""left:72.79569892473118%;top: 39.04761904761905%;""></div><div class=""solution"" style=""left: 72.79569892473118%;top: 39.04761904761905%;""> Protein A binds IgG </div>
<div class=""hotspot"" style=""left:20.43010752688172%;top: 48.57142857142857%;""></div><div class=""solution"" style=""left: 20.43010752688172%;top: 48.57142857142857%;""> Scalded skin syndrome: exfoliative toxin </div>
<div class=""hotspot"" style=""left:12.473118279569892%;top: 68.73015873015873%;""></div><div class=""solution"" style=""left: 12.473118279569892%;top: 68.73015873015873%;""> TSST (acts as super antigen) causes toxic shock syndrome </div>
<div class=""hotspot"" style=""left:14.086021505376344%;top: 46.507936507936506%;""></div><div class=""solution"" style=""left: 14.086021505376344%;top: 46.507936507936506%;""> MRSA (mercy) </div>
<div class=""hotspot"" style=""left:6.021505376344086%;top: 46.82539682539682%;""></div><div class=""solution"" style=""left: 6.021505376344086%;top: 46.82539682539682%;""> Altered penicillin binding protein (allows methicillin resistance) </div>
<div class=""hotspot"" style=""left:10.75268817204301%;top: 41.58730158730159%;""></div><div class=""solution"" style=""left: 10.75268817204301%;top: 41.58730158730159%;""> Nafcillin for Staph infections (not MRSA) </div>
<div class=""hotspot"" style=""left:49.03225806451613%;top: 32.38095238095238%;""></div><div class=""solution"" style=""left: 49.03225806451613%;top: 32.38095238095238%;""> Septic arthritis </div>"	sketchy.bacteria.gram_positive_cocci.staph_aureus
Bacteria::Chapter 1 - Gram Positive Cocci::1.2 - Staph Epidermidis	Bacteria	Chapter 1	Gram Positive Cocci	1.2	Staph Epidermidis	"<img src=""sketchy.bacteria.gram_positive_cocci.staph_epidermidis.jpg"" />"	"<div class=""hotspot"" style=""left:60.322580645161295%;top: 40.89265046296296%;""></div><div class=""solution"" style=""left: 60.322580645161295%;top: 40.89265046296296%;""> Coagulase negative </div>
<div class=""hotspot"" style=""left:48.60047043010753%;top: 74.22839506172839%;""></div><div class=""solution"" style=""left: 48.60047043010753%;top: 74.22839506172839%;""> S. epidermidis is novobiocin sensitive </div>
<div class=""hotspot"" style=""left:78.17036290322581%;top: 50.92351466049383%;""></div><div class=""solution"" style=""left: 78.17036290322581%;top: 50.92351466049383%;""> S. saprophyticus is novobiocin resistant </div>
<div class=""hotspot"" style=""left:35.48219086021505%;top: 63.732156635802475%;""></div><div class=""solution"" style=""left: 35.48219086021505%;top: 63.732156635802475%;""> Associated with prosthetic joint infection </div>
<div class=""hotspot"" style=""left:24.944556451612904%;top: 70.98524305555556%;""></div><div class=""solution"" style=""left: 24.944556451612904%;top: 70.98524305555556%;""> Associated with prosthetic valve infection </div>
<div class=""hotspot"" style=""left:16.880040322580644%;top: 48.60869984567901%;""></div><div class=""solution"" style=""left: 16.880040322580644%;top: 48.60869984567901%;""> Catalase positive </div>
<div class=""hotspot"" style=""left:32.903225806451616%;top: 40.58400848765432%;""></div><div class=""solution"" style=""left: 32.903225806451616%;top: 40.58400848765432%;""> Urease positive </div>
<div class=""hotspot"" style=""left:40.96774193548387%;top: 30.090181327160494%;""></div><div class=""solution"" style=""left: 40.96774193548387%;top: 30.090181327160494%;""> Vancomycin may be used to treat </div>
<div class=""hotspot"" style=""left:87.95530913978494%;top: 47.528452932098766%;""></div><div class=""solution"" style=""left: 87.95530913978494%;top: 47.528452932098766%;""> S. saprophyticus is a common cause of UTI in sexually active females </div>
<div class=""hotspot"" style=""left:39.13810483870967%;top: 53.85561342592593%;""></div><div class=""solution"" style=""left: 39.13810483870967%;top: 53.85561342592593%;""> Produces thick biofilms that adhere to prosthetic surfaces </div>
<div class=""hotspot"" style=""left:22.90154569892473%;top: 90.73832947530865%;""></div><div class=""solution"" style=""left: 22.90154569892473%;top: 90.73832947530865%;""> Commonly contaminates blood cultures </div>
<div class=""hotspot"" style=""left:43.224126344086024%;top: 63.88647762345679%;""></div><div class=""solution"" style=""left: 43.224126344086024%;top: 63.88647762345679%;""> Normal skin flora </div>"	sketchy.bacteria.gram_positive_cocci.staph_epidermidis
Bacteria::Chapter 1 - Gram Positive Cocci::1.3 - Strep pyogenes (Group A Strep)	Bacteria	Chapter 1	Gram Positive Cocci	1.3	Strep pyogenes (Group A Strep)	"<img src=""sketchy.bacteria.gram_positive_cocci.strep_pyogenes_(group_a_strep).jpg"" />"	"<div class=""hotspot"" style=""left:48.70967741935484%;top: 14.444444444444443%;""></div><div class=""solution"" style=""left: 48.70967741935484%;top: 14.444444444444443%;""> Beta hemolytic </div>
<div class=""hotspot"" style=""left:49.24731182795699%;top: 73.80952380952381%;""></div><div class=""solution"" style=""left: 49.24731182795699%;top: 73.80952380952381%;""> Bacitracin sensitive </div>
<div class=""hotspot"" style=""left:55.26881720430108%;top: 87.61904761904762%;""></div><div class=""solution"" style=""left: 55.26881720430108%;top: 87.61904761904762%;""> Streptolysin O </div>
<div class=""hotspot"" style=""left:66.34408602150538%;top: 91.42857142857143%;""></div><div class=""solution"" style=""left: 66.34408602150538%;top: 91.42857142857143%;""> Anti-Streptolysin O </div>
<div class=""hotspot"" style=""left:19.247311827956988%;top: 79.04761904761905%;""></div><div class=""solution"" style=""left: 19.247311827956988%;top: 79.04761904761905%;""> Check ASO titer </div>
<div class=""hotspot"" style=""left:33.33333333333333%;top: 52.22222222222223%;""></div><div class=""solution"" style=""left: 33.33333333333333%;top: 52.22222222222223%;""> Impetigo </div>
<div class=""hotspot"" style=""left:39.462365591397855%;top: 59.20634920634921%;""></div><div class=""solution"" style=""left: 39.462365591397855%;top: 59.20634920634921%;""> Erysipelas </div>
<div class=""hotspot"" style=""left:32.903225806451616%;top: 36.03174603174603%;""></div><div class=""solution"" style=""left: 32.903225806451616%;top: 36.03174603174603%;""> Pharyngitis </div>
<div class=""hotspot"" style=""left:17.8494623655914%;top: 18.095238095238095%;""></div><div class=""solution"" style=""left: 17.8494623655914%;top: 18.095238095238095%;""> Strawberry tongue </div>
<div class=""hotspot"" style=""left:3.978494623655914%;top: 35.55555555555556%;""></div><div class=""solution"" style=""left: 3.978494623655914%;top: 35.55555555555556%;""> Strep-TSST (acts as super antigen) causes Streptococcal Toxic Shock Syndrome </div>
<div class=""hotspot"" style=""left:18.70967741935484%;top: 53.80952380952381%;""></div><div class=""solution"" style=""left: 18.70967741935484%;top: 53.80952380952381%;""> Scarlet fever (erythrogenic toxin) </div>
<div class=""hotspot"" style=""left:12.365591397849462%;top: 53.492063492063494%;""></div><div class=""solution"" style=""left: 12.365591397849462%;top: 53.492063492063494%;""> Necrotizing Fasciitis (Exotoxin B) </div>
<div class=""hotspot"" style=""left:49.24731182795699%;top: 30%;""></div><div class=""solution"" style=""left: 49.24731182795699%;top: 30%;""> Hyaluronic Acid capsule </div>
<div class=""hotspot"" style=""left:76.34408602150538%;top: 38.57142857142858%;""></div><div class=""solution"" style=""left: 76.34408602150538%;top: 38.57142857142858%;""> M protein: prevents phagocytosis </div>
<div class=""hotspot"" style=""left:62.795698924731184%;top: 14.761904761904763%;""></div><div class=""solution"" style=""left: 62.795698924731184%;top: 14.761904761904763%;""> Endocarditis: affects mitral valve </div>
<div class=""hotspot"" style=""left:62.795698924731184%;top: 20.476190476190474%;""></div><div class=""solution"" style=""left: 62.795698924731184%;top: 20.476190476190474%;""> anti-M protein antibodies cause Rheumatic Fever </div>
<div class=""hotspot"" style=""left:55.483870967741936%;top: 47.77777777777778%;""></div><div class=""solution"" style=""left: 55.483870967741936%;top: 47.77777777777778%;""> Jones criteria for RF: Joints (polyarthritis) </div>
<div class=""hotspot"" style=""left:59.24731182795699%;top: 50.79365079365079%;""></div><div class=""solution"" style=""left: 59.24731182795699%;top: 50.79365079365079%;""> Jones criteria for RF: heart (carditis) </div>
<div class=""hotspot"" style=""left:65.26881720430107%;top: 47.77777777777778%;""></div><div class=""solution"" style=""left: 65.26881720430107%;top: 47.77777777777778%;""> Jones criteria for RF: Nodules (Subcutaneous nodules) </div>
<div class=""hotspot"" style=""left:70.96774193548387%;top: 50.317460317460316%;""></div><div class=""solution"" style=""left: 70.96774193548387%;top: 50.317460317460316%;""> Jones criteria for RF: Erythema Marginatum </div>
<div class=""hotspot"" style=""left:78.06451612903226%;top: 49.36507936507937%;""></div><div class=""solution"" style=""left: 78.06451612903226%;top: 49.36507936507937%;""> Jones criteria for RF: Sydenham's Chorea </div>
<div class=""hotspot"" style=""left:80.53763440860216%;top: 66.98412698412697%;""></div><div class=""solution"" style=""left: 80.53763440860216%;top: 66.98412698412697%;""> Cola colored urine with PSGN </div>
<div class=""hotspot"" style=""left:57.096774193548384%;top: 70.47619047619048%;""></div><div class=""solution"" style=""left: 57.096774193548384%;top: 70.47619047619048%;""> DNAse B </div>
<div class=""hotspot"" style=""left:57.52688172043011%;top: 79.52380952380952%;""></div><div class=""solution"" style=""left: 57.52688172043011%;top: 79.52380952380952%;""> Streptokinase </div>
<div class=""hotspot"" style=""left:88.70967741935483%;top: 29.20634920634921%;""></div><div class=""solution"" style=""left: 88.70967741935483%;top: 29.20634920634921%;""> Post-strep glomerulonephritis (PSGN) </div>
<div class=""hotspot"" style=""left:87.52688172043011%;top: 14.444444444444443%;""></div><div class=""solution"" style=""left: 87.52688172043011%;top: 14.444444444444443%;""> PSGN occurs 2 weeks after Strep infection </div>
<div class=""hotspot"" style=""left:74.08602150537634%;top: 18.73015873015873%;""></div><div class=""solution"" style=""left: 74.08602150537634%;top: 18.73015873015873%;""> Facial swelling seen in PSGN </div>
<div class=""hotspot"" style=""left:75.16129032258064%;top: 22.380952380952383%;""></div><div class=""solution"" style=""left: 75.16129032258064%;top: 22.380952380952383%;""> PSGN most common after superficial skin infection (impetigo). In contrast to Acute RF which requires Strep pharyngitis. </div>
<div class=""hotspot"" style=""left:69.13978494623656%;top: 13.492063492063492%;""></div><div class=""solution"" style=""left: 69.13978494623656%;top: 13.492063492063492%;""> Penicillin for treatment (prevents RF but not PSGN) </div>"	sketchy.bacteria.gram_positive_cocci.strep_pyogenes_(group_a_strep)
Bacteria::Chapter 1 - Gram Positive Cocci::1.4 - Strep agalactiae (Group B Strep)	Bacteria	Chapter 1	Gram Positive Cocci	1.4	Strep agalactiae (Group B Strep)	"<img src=""sketchy.bacteria.gram_positive_cocci.strep_agalactiae_(group_b_strep).jpg"" />"	"<div class=""hotspot"" style=""left:15.935819892473118%;top: 11.93452380952381%;""></div><div class=""solution"" style=""left: 15.935819892473118%;top: 11.93452380952381%;""> Beta hemolytic </div>
<div class=""hotspot"" style=""left:68.17036290322581%;top: 57.93402777777777%;""></div><div class=""solution"" style=""left: 68.17036290322581%;top: 57.93402777777777%;""> Bacitracin resistant </div>
<div class=""hotspot"" style=""left:44.193548387096776%;top: 48.09275793650794%;""></div><div class=""solution"" style=""left: 44.193548387096776%;top: 48.09275793650794%;""> Meningitis in newborns </div>
<div class=""hotspot"" style=""left:45.15793010752688%;top: 85.87301587301587%;""></div><div class=""solution"" style=""left: 45.15793010752688%;top: 85.87301587301587%;""> Hydrolyzes sodium hippurate </div>
<div class=""hotspot"" style=""left:64.02385752688173%;top: 24.19394841269841%;""></div><div class=""solution"" style=""left: 64.02385752688173%;top: 24.19394841269841%;""> Positive CAMP TestEnhances hemolysis by Staph aureus </div>
<div class=""hotspot"" style=""left:38.062836021505376%;top: 60.15625%;""></div><div class=""solution"" style=""left: 38.062836021505376%;top: 60.15625%;""> Sepsis in newborns </div>
<div class=""hotspot"" style=""left:56.02150537634408%;top: 46.50545634920635%;""></div><div class=""solution"" style=""left: 56.02150537634408%;top: 46.50545634920635%;""> Encapsulated </div>
<div class=""hotspot"" style=""left:50.966061827956985%;top: 55.394345238095234%;""></div><div class=""solution"" style=""left: 50.966061827956985%;top: 55.394345238095234%;""> Pneumonia in newborns </div>
<div class=""hotspot"" style=""left:12.7940188172043%;top: 35.079365079365076%;""></div><div class=""solution"" style=""left: 12.7940188172043%;top: 35.079365079365076%;""> Screen pregnant mothers at 35 weeks </div>
<div class=""hotspot"" style=""left:8.277889784946236%;top: 52.539682539682545%;""></div><div class=""solution"" style=""left: 8.277889784946236%;top: 52.539682539682545%;""> Treat with intrapartum penicillin </div>"	sketchy.bacteria.gram_positive_cocci.strep_agalactiae_(group_b_strep)
Bacteria::Chapter 1 - Gram Positive Cocci::1.5 - Strep. pneumoniae / Strep viridans	Bacteria	Chapter 1	Gram Positive Cocci	1.5	Strep. pneumoniae / Strep viridans	"<img src=""sketchy.bacteria.gram_positive_cocci.strep._pneumoniae_,_strep_viridans.jpg"" />"	"<div class=""hotspot"" style=""left:46.01982526881721%;top: 17.299107142857142%;""></div><div class=""solution"" style=""left: 46.01982526881721%;top: 17.299107142857142%;""> Ceftriaxone may be used for treatment </div>
<div class=""hotspot"" style=""left:25.482190860215052%;top: 8.410218253968255%;""></div><div class=""solution"" style=""left: 25.482190860215052%;top: 8.410218253968255%;""> Macrolides commonly used for uncomplicated cases </div>
<div class=""hotspot"" style=""left:43.33165322580645%;top: 8.251488095238095%;""></div><div class=""solution"" style=""left: 43.33165322580645%;top: 8.251488095238095%;""> Alpha hemolytic </div>
<div class=""hotspot"" style=""left:35.912298387096776%;top: 48.72767857142858%;""></div><div class=""solution"" style=""left: 35.912298387096776%;top: 48.72767857142858%;""> Increased risk in sickle cell population or if asplenic </div>
<div class=""hotspot"" style=""left:43.461021505376344%;top: 32.73065476190476%;""></div><div class=""solution"" style=""left: 43.461021505376344%;top: 32.73065476190476%;""> Optochin sensitive </div>
<div class=""hotspot"" style=""left:75.80477150537635%;top: 49.838789682539684%;""></div><div class=""solution"" style=""left: 75.80477150537635%;top: 49.838789682539684%;""> Optochin resistant </div>
<div class=""hotspot"" style=""left:79.99831989247312%;top: 42.69593253968254%;""></div><div class=""solution"" style=""left: 79.99831989247312%;top: 42.69593253968254%;""> Endocarditis in previously damaged valves </div>
<div class=""hotspot"" style=""left:74.72950268817205%;top: 94.6031746031746%;""></div><div class=""solution"" style=""left: 74.72950268817205%;top: 94.6031746031746%;""> Bile resistant </div>
<div class=""hotspot"" style=""left:47.202620967741936%;top: 89.04761904761904%;""></div><div class=""solution"" style=""left: 47.202620967741936%;top: 89.04761904761904%;""> Bile sensitive </div>
<div class=""hotspot"" style=""left:11.19119623655914%;top: 27.475198412698415%;""></div><div class=""solution"" style=""left: 11.19119623655914%;top: 27.475198412698415%;""> Polysaccharide vaccine in adults

Produces IgM response </div>
<div class=""hotspot"" style=""left:11.397849462365592%;top: 33.80704365079365%;""></div><div class=""solution"" style=""left: 11.397849462365592%;top: 33.80704365079365%;""> Conjugate vaccine for children

Produces IgG response </div>
<div class=""hotspot"" style=""left:3.009072580645161%;top: 68.72767857142857%;""></div><div class=""solution"" style=""left: 3.009072580645161%;top: 68.72767857142857%;""> Causes ""MOPS""

-meningitis
-otitis media
-pneumonia
-sinusitis </div>
<div class=""hotspot"" style=""left:64.40692204301075%;top: 24.600694444444443%;""></div><div class=""solution"" style=""left: 64.40692204301075%;top: 24.600694444444443%;""> Gram positive cocci, ""lancet shaped"" </div>
<div class=""hotspot"" style=""left:63.66599462365592%;top: 68.90128968253968%;""></div><div class=""solution"" style=""left: 63.66599462365592%;top: 68.90128968253968%;""> Causes dental carries </div>
<div class=""hotspot"" style=""left:69.35315860215053%;top: 49.838789682539684%;""></div><div class=""solution"" style=""left: 69.35315860215053%;top: 49.838789682539684%;""> Synthesizes dextrans from glucose </div>
<div class=""hotspot"" style=""left:81.3961693548387%;top: 59.04513888888889%;""></div><div class=""solution"" style=""left: 81.3961693548387%;top: 59.04513888888889%;""> Adheres to fibrin-platelet aggregates in damaged heart valves </div>
<div class=""hotspot"" style=""left:30.6434811827957%;top: 45.71180555555556%;""></div><div class=""solution"" style=""left: 30.6434811827957%;top: 45.71180555555556%;""> IgA protease is major virulence factor </div>
<div class=""hotspot"" style=""left:42.14885752688172%;top: 42.69593253968254%;""></div><div class=""solution"" style=""left: 42.14885752688172%;top: 42.69593253968254%;""> Produces lobal pneumonia with ""rusty sputum"" </div>"	sketchy.bacteria.gram_positive_cocci.strep._pneumoniae_/_strep_viridans
Bacteria::Chapter 1 - Gram Positive Cocci::1.6 - Enterococcus	Bacteria	Chapter 1	Gram Positive Cocci	1.6	Enterococcus	"<img src=""sketchy.bacteria.gram_positive_cocci.enterococcus.jpg"" />"	"<div class=""hotspot"" style=""left:31.39616935483871%;top: 47.299107142857146%;""></div><div class=""solution"" style=""left: 31.39616935483871%;top: 47.299107142857146%;""> Bile resistant </div>
<div class=""hotspot"" style=""left:28.93481182795699%;top: 77.63144841269842%;""></div><div class=""solution"" style=""left: 28.93481182795699%;top: 77.63144841269842%;""> Bile resistant </div>
<div class=""hotspot"" style=""left:65.37466397849462%;top: 65.5530753968254%;""></div><div class=""solution"" style=""left: 65.37466397849462%;top: 65.5530753968254%;""> Vancomycin resistant </div>
<div class=""hotspot"" style=""left:42.04301075268817%;top: 93.80952380952381%;""></div><div class=""solution"" style=""left: 42.04301075268817%;top: 93.80952380952381%;""> Treatment: Linezolid </div>
<div class=""hotspot"" style=""left:72.7940188172043%;top: 85.55307539682539%;""></div><div class=""solution"" style=""left: 72.7940188172043%;top: 85.55307539682539%;""> Treatment: Tigecycline </div>
<div class=""hotspot"" style=""left:32.57896505376344%;top: 6.981646825396826%;""></div><div class=""solution"" style=""left: 32.57896505376344%;top: 6.981646825396826%;""> E. Faecalis - More prevalent, less pathogenic </div>
<div class=""hotspot"" style=""left:22.688172043010752%;top: 39.20386904761905%;""></div><div class=""solution"" style=""left: 22.688172043010752%;top: 39.20386904761905%;""> E. Faecium - Less prevalent, more pathogenic </div>
<div class=""hotspot"" style=""left:49.783266129032256%;top: 41.90228174603175%;""></div><div class=""solution"" style=""left: 49.783266129032256%;top: 41.90228174603175%;""> May cause of endocarditis, UTI, and biliary tree infection </div>"	sketchy.bacteria.gram_positive_cocci.enterococcus
Autonomic Drugs::Chapter 1 - Parasympathetic::1.1 - Cholinomimetics	Autonomic Drugs	Chapter 1	Parasympathetic	1.1	Cholinomimetics	"<img src=""sketchy.autonomic_drugs.parasympathetic.cholinomimetics.jpg"" />"	"<div class=""hotspot"" style=""left:20.267857142857142%;top: 23.96825396825397%;""></div><div class=""solution"" style=""left: 20.267857142857142%;top: 23.96825396825397%;""> Acetyl-Cola: acetylcholine receptor agonists </div>
<div class=""hotspot"" style=""left:24.46428571428571%;top: 10.476190476190476%;""></div><div class=""solution"" style=""left: 24.46428571428571%;top: 10.476190476190476%;""> Mime drinking cola: cholinomimetics </div>
<div class=""hotspot"" style=""left:9.375%;top: 73.65079365079366%;""></div><div class=""solution"" style=""left: 9.375%;top: 73.65079365079366%;""> Smoker: nicotinic acetylcholine receptor </div>
<div class=""hotspot"" style=""left:14.017857142857142%;top: 24.444444444444443%;""></div><div class=""solution"" style=""left: 14.017857142857142%;top: 24.444444444444443%;""> Ganglia-like transformers near smoker: nicotinic acetylcholine receptors are found on autonomic ganglia </div>
<div class=""hotspot"" style=""left:14.910714285714285%;top: 90.31746031746032%;""></div><div class=""solution"" style=""left: 14.910714285714285%;top: 90.31746031746032%;""> Outlet near smoker: nicotinic acetylcholine receptors are found on skeletal muscle motor end plates </div>
<div class=""hotspot"" style=""left:8.660714285714285%;top: 62.38095238095238%;""></div><div class=""solution"" style=""left: 8.660714285714285%;top: 62.38095238095238%;""> Adrenal beanie on smoker: nicotinic acetylcholine receptors are found in the adrenal gland </div>
<div class=""hotspot"" style=""left:56.160714285714285%;top: 91.42857142857143%;""></div><div class=""solution"" style=""left: 56.160714285714285%;top: 91.42857142857143%;""> Motorcycle parking spots: muscarinic acetylcholine receptors (M1, M2, M3) </div>
<div class=""hotspot"" style=""left:5.803571428571429%;top: 49.523809523809526%;""></div><div class=""solution"" style=""left: 5.803571428571429%;top: 49.523809523809526%;""> Ion Channel news behind smoker: nicotinic receptors act as ion channels </div>
<div class=""hotspot"" style=""left:22.5%;top: 43.17460317460318%;""></div><div class=""solution"" style=""left: 22.5%;top: 43.17460317460318%;""> QIQ store: M1, M2, and M3 are coupled to Gq, Gi, and Gq, respectively </div>
<div class=""hotspot"" style=""left:35.892857142857146%;top: 90.47619047619048%;""></div><div class=""solution"" style=""left: 35.892857142857146%;top: 90.47619047619048%;""> 3 &#8220;dags&#8221;: M1 and M3 are coupled to Gq proteins which activate the IP3-DAG cascade </div>
<div class=""hotspot"" style=""left:54.37499999999999%;top: 72.53968253968253%;""></div><div class=""solution"" style=""left: 54.37499999999999%;top: 72.53968253968253%;""> Packed up camp tent: M2 is coupled to a Gi protein which decreases cAMP </div>
<div class=""hotspot"" style=""left:39.285714285714285%;top: 62.698412698412696%;""></div><div class=""solution"" style=""left: 39.285714285714285%;top: 62.698412698412696%;""> Brain helmet: M1 receptors are found in nerves and the CNS </div>
<div class=""hotspot"" style=""left:46.517857142857146%;top: 58.88888888888889%;""></div><div class=""solution"" style=""left: 46.517857142857146%;top: 58.88888888888889%;""> Top of heart with jewels: M2 receptors are found in the atria, the SA and AV node </div>
<div class=""hotspot"" style=""left:55.44642857142858%;top: 60.15873015873016%;""></div><div class=""solution"" style=""left: 55.44642857142858%;top: 60.15873015873016%;""> Glandular sponge: M3 receptors are found on glands </div>
<div class=""hotspot"" style=""left:59.732142857142854%;top: 61.58730158730159%;""></div><div class=""solution"" style=""left: 59.732142857142854%;top: 61.58730158730159%;""> Smooth muscle stripes: smooth muscle contains M3 receptors </div>
<div class=""hotspot"" style=""left:61.875%;top: 66.19047619047619%;""></div><div class=""solution"" style=""left: 61.875%;top: 66.19047619047619%;""> Dilated nitric oxide exhaust: M3 receptor activation &#8594; nitric oxide release in vascular smooth muscle cells&#8594; increased cGMP and vasodilation </div>
<div class=""hotspot"" style=""left:59.19642857142857%;top: 70.7936507936508%;""></div><div class=""solution"" style=""left: 59.19642857142857%;top: 70.7936507936508%;""> Constricted clogged ppe: atherosclerosis&#8594; vascular epithelial damage&#8594; direct muscarinic receptor activation&#8594; vasoconstriction </div>
<div class=""hotspot"" style=""left:63.39285714285714%;top: 18.571428571428573%;""></div><div class=""solution"" style=""left: 63.39285714285714%;top: 18.571428571428573%;""> Beth with cola: bethanechol (a cholinomimetic) </div>
<div class=""hotspot"" style=""left:51.69642857142858%;top: 31.9047619047619%;""></div><div class=""solution"" style=""left: 51.69642857142858%;top: 31.9047619047619%;""> Cement pouring from colon spout: muscarinic agonists (e.g. bethanechol) increase secretion and motor activity of the gut </div>
<div class=""hotspot"" style=""left:53.30357142857143%;top: 24.761904761904763%;""></div><div class=""solution"" style=""left: 53.30357142857143%;top: 24.761904761904763%;""> &#8220;Do Not Obstruct&#8221;: bethanechol is used to treat non-obstructive gastrointestinal dysmotility (e.g post-op ileus, neurogenic ileus) </div>
<div class=""hotspot"" style=""left:66.07142857142857%;top: 33.80952380952381%;""></div><div class=""solution"" style=""left: 66.07142857142857%;top: 33.80952380952381%;""> Beth using bladder hose: bethanechol treats urinary retention </div>
<div class=""hotspot"" style=""left:75.44642857142857%;top: 42.06349206349206%;""></div><div class=""solution"" style=""left: 75.44642857142857%;top: 42.06349206349206%;""> Pile o&#8217; carp: pilocarpine (a cholinomimetic) </div>
<div class=""hotspot"" style=""left:73.125%;top: 49.2063492063492%;""></div><div class=""solution"" style=""left: 73.125%;top: 49.2063492063492%;""> Dripping carp mouths: pilocarpine increases salivation </div>
<div class=""hotspot"" style=""left:73.48214285714286%;top: 14.285714285714285%;""></div><div class=""solution"" style=""left: 73.48214285714286%;top: 14.285714285714285%;""> Round glass: muscarinic agonists (e.g. pilocarpine) cause accommodation of the lens </div>
<div class=""hotspot"" style=""left:75.44642857142857%;top: 0.4761904761904762%;""></div><div class=""solution"" style=""left: 75.44642857142857%;top: 0.4761904761904762%;""> Smooth muscle crane with net zonules: pilocarpine contracts the ciliary muscle, increasing aqueous humor outflow (useful to treat glaucoma) </div>
<div class=""hotspot"" style=""left:88.48214285714285%;top: 26.031746031746035%;""></div><div class=""solution"" style=""left: 88.48214285714285%;top: 26.031746031746035%;""> Constricted hood: pilocarpine activates the sphincter pupillae muscle to cause pupillary constriction (useful in acute angle-closure glaucoma) </div>
<div class=""hotspot"" style=""left:1.25%;top: 17.46031746031746%;""></div><div class=""solution"" style=""left: 1.25%;top: 17.46031746031746%;""> Constricted hood blocking carbon fumes: carbachol causes pupillary constriction (useful in acute angle-closure glaucoma) </div>
<div class=""hotspot"" style=""left:5.267857142857143%;top: 26.50793650793651%;""></div><div class=""solution"" style=""left: 5.267857142857143%;top: 26.50793650793651%;""> Carbon fumes from smoker: carbachol is both a muscarinic and nicotinic agonist </div>
<div class=""hotspot"" style=""left:79.55357142857142%;top: 50.95238095238095%;""></div><div class=""solution"" style=""left: 79.55357142857142%;top: 50.95238095238095%;""> Marathon: methacholine (a cholinomimetic) </div>
<div class=""hotspot"" style=""left:90.26785714285714%;top: 48.888888888888886%;""></div><div class=""solution"" style=""left: 90.26785714285714%;top: 48.888888888888886%;""> Challenge: methacholine challenge instigates asthma for pulmonary testing </div>
<div class=""hotspot"" style=""left:93.57142857142857%;top: 60.952380952380956%;""></div><div class=""solution"" style=""left: 93.57142857142857%;top: 60.952380952380956%;""> Wheezing man: cholinomimetics (e.g. methacholine) contract bronchial smooth muscle which may exacerbate asthma or COPD </div>
<div class=""hotspot"" style=""left:11.785714285714285%;top: 81.26984126984127%;""></div><div class=""solution"" style=""left: 11.785714285714285%;top: 81.26984126984127%;""> 1-800-VERY-CLEAN: varenicline (a nicotinic receptor partial agonist) is used for smoking cessation </div>"	sketchy.autonomic_drugs.parasympathetic.cholinomimetics
Autonomic Drugs::Chapter 1 - Parasympathetic::1.2 - Acetylcholinesterase Inhibitors	Autonomic Drugs	Chapter 1	Parasympathetic	1.2	Acetylcholinesterase Inhibitors	"<img src=""sketchy.autonomic_drugs.parasympathetic.acetylcholinesterase_inhibitors.jpg"" />"	"<div class=""hotspot"" style=""left:75.89285714285714%;top: 6.190476190476191%;""></div><div class=""solution"" style=""left: 75.89285714285714%;top: 6.190476190476191%;""> Indirect view of Acetyl-cola&#174; mime: indirect cholinomimetics (inhibit acetylcholinesterase) </div>
<div class=""hotspot"" style=""left:30.44642857142857%;top: 56.03174603174603%;""></div><div class=""solution"" style=""left: 30.44642857142857%;top: 56.03174603174603%;""> Dumpster of acetyl-cola bottles: acetylcholinesterase degrades acetylcholine (ACh) </div>
<div class=""hotspot"" style=""left:22.767857142857142%;top: 49.047619047619044%;""></div><div class=""solution"" style=""left: 22.767857142857142%;top: 49.047619047619044%;""> Knocked over dumpster with acetyl-cola spilling out: acetylcholinesterase inhibitors increase synaptic concentrations of ACh </div>
<div class=""hotspot"" style=""left:20.357142857142858%;top: 58.730158730158735%;""></div><div class=""solution"" style=""left: 20.357142857142858%;top: 58.730158730158735%;""> ANTI-ESTablishment: anti-cholinesterase, a.k.a. acetylcholinesterase inhibitor </div>
<div class=""hotspot"" style=""left:18.392857142857146%;top: 54.285714285714285%;""></div><div class=""solution"" style=""left: 18.392857142857146%;top: 54.285714285714285%;""> STIGMA: &#8220;-stigmine&#8221; drug suffix of acetylcholinesterase inhibitors </div>
<div class=""hotspot"" style=""left:31.339285714285715%;top: 20.793650793650794%;""></div><div class=""solution"" style=""left: 31.339285714285715%;top: 20.793650793650794%;""> Skeletal muscle brick wall: acetylcholinesterase inhibitors enhance effects of ACh at the NMJ (increase activity of NICOTINIC ACh receptors) </div>
<div class=""hotspot"" style=""left:42.5%;top: 25.873015873015877%;""></div><div class=""solution"" style=""left: 42.5%;top: 25.873015873015877%;""> Electrical end plate: motor endplate (at the NMJ) </div>
<div class=""hotspot"" style=""left:31.785714285714285%;top: 9.365079365079366%;""></div><div class=""solution"" style=""left: 31.785714285714285%;top: 9.365079365079366%;""> GRAVIS graffiti: myasthenia gravis (MG)&#8594; antibodies against nicotinic ACh receptors at motor endplate (skeletal muscle NMJ) </div>
<div class=""hotspot"" style=""left:40.089285714285715%;top: 15.555555555555555%;""></div><div class=""solution"" style=""left: 40.089285714285715%;top: 15.555555555555555%;""> Graffiti covering electrical end plates: MG causes progressive proximal weakness, ptosis, diplopia (inactivated nicotinic ACh receptors at motor endplate) </div>
<div class=""hotspot"" style=""left:39.107142857142854%;top: 30%;""></div><div class=""solution"" style=""left: 39.107142857142854%;top: 30%;""> Community PRIDE: PYRIDOstigmine (acetylcholinesterase inhibitor used as long-term treatment for MG) </div>
<div class=""hotspot"" style=""left:37.142857142857146%;top: 17.77777777777778%;""></div><div class=""solution"" style=""left: 37.142857142857146%;top: 17.77777777777778%;""> Removing graffiti on end plates: acetylcholinesterase inhibitors increase ACh at NMJ endplate to outcompete MG antibodies </div>
<div class=""hotspot"" style=""left:21.875%;top: 25.555555555555554%;""></div><div class=""solution"" style=""left: 21.875%;top: 25.555555555555554%;""> Neon sign STIGMA: neostigmine (acetylcholinesterase inhibitor used as treatment for MG) </div>
<div class=""hotspot"" style=""left:52.85714285714286%;top: 8.095238095238095%;""></div><div class=""solution"" style=""left: 52.85714285714286%;top: 8.095238095238095%;""> Phone booth: edrophonium (acetylcholinesterase inhibitor that transiently reverses symptoms of MG) </div>
<div class=""hotspot"" style=""left:52.767857142857146%;top: 12.698412698412698%;""></div><div class=""solution"" style=""left: 52.767857142857146%;top: 12.698412698412698%;""> Quarters only: pyridostigmine, neostigmine and edrophonium are quaternary amines and do not penetrate the CNS </div>
<div class=""hotspot"" style=""left:56.160714285714285%;top: 29.523809523809526%;""></div><div class=""solution"" style=""left: 56.160714285714285%;top: 29.523809523809526%;""> Phone in working order: edrophonium REVERSES muscle weakness in undertreated MG patients (POSITIVE tensilon test) </div>
<div class=""hotspot"" style=""left:52.23214285714286%;top: 23.96825396825397%;""></div><div class=""solution"" style=""left: 52.23214285714286%;top: 23.96825396825397%;""> Phone wire tension: tensilon test &#8594; edrophonium reverses (positive) or fails to reverse (negative) muscle weakness </div>
<div class=""hotspot"" style=""left:64.64285714285715%;top: 24.126984126984127%;""></div><div class=""solution"" style=""left: 64.64285714285715%;top: 24.126984126984127%;""> Phone out of order, with anti-esterase graffiti: edrophonium FAILS to reverse muscle weakness during cholinergic crisis (NEGATIVE tensilon test) </div>
<div class=""hotspot"" style=""left:7.767857142857143%;top: 40.15873015873016%;""></div><div class=""solution"" style=""left: 7.767857142857143%;top: 40.15873015873016%;""> CURARE crayons stuck in end plate: nondepolarizing neuromuscular blocking agents (e.g. tubocurarine, pancuronium, cisatracurium) inhibit nicotinic ACh receptors at NMJ endplate </div>
<div class=""hotspot"" style=""left:11.25%;top: 28.41269841269841%;""></div><div class=""solution"" style=""left: 11.25%;top: 28.41269841269841%;""> Neon sign store owner kicking out CURARE crayon kid: acetylcholinesterase inhibitors (e.g neostigmine) reverse nondepolarizing neuromuscular blockade </div>
<div class=""hotspot"" style=""left:5.178571428571429%;top: 17.936507936507937%;""></div><div class=""solution"" style=""left: 5.178571428571429%;top: 17.936507936507937%;""> SUCKS: succinylcholine is a depolarizing neuromuscular blocking agent (nicotinic ACh receptor AGONIST) </div>
<div class=""hotspot"" style=""left:1.6964285714285714%;top: 25.238095238095237%;""></div><div class=""solution"" style=""left: 1.6964285714285714%;top: 25.238095238095237%;""> PHASE-1 cleanup crew getting shocked: initial PHASE-1 of depolarizing blockade is IRREVERSIBLE (acetylcholinesterase inhibitors potentiate blockade) </div>
<div class=""hotspot"" style=""left:12.946428571428573%;top: 35.55555555555556%;""></div><div class=""solution"" style=""left: 12.946428571428573%;top: 35.55555555555556%;""> Bladder hose: acetylcholinesterase inhibitors can be used to treat urinary retention (muscarinic activation) </div>
<div class=""hotspot"" style=""left:74.28571428571429%;top: 19.047619047619047%;""></div><div class=""solution"" style=""left: 74.28571428571429%;top: 19.047619047619047%;""> PHYS ED center: PHYSostigmine (acetylcholinesterase inhibitor with CENTRAL effects) </div>
<div class=""hotspot"" style=""left:92.67857142857143%;top: 50.476190476190474%;""></div><div class=""solution"" style=""left: 92.67857142857143%;top: 50.476190476190474%;""> Atropine in Wonderland: atropine overdose &#8594; &#8220;mad as a hatter, hot as a hare, blind as a bat&#8221; (reversed by physostigmine) </div>
<div class=""hotspot"" style=""left:92.23214285714286%;top: 42.857142857142854%;""></div><div class=""solution"" style=""left: 92.23214285714286%;top: 42.857142857142854%;""> Deadly nightshade: belladonna flower is a naturally occurring form of atropine (overdose reversed by physostigmine) </div>
<div class=""hotspot"" style=""left:97.23214285714286%;top: 85.71428571428571%;""></div><div class=""solution"" style=""left: 97.23214285714286%;top: 85.71428571428571%;""> GYM weeds: Jimson weed is a naturally occurring form of atropine (overdose reversed by physostigmine) </div>
<div class=""hotspot"" style=""left:84.82142857142857%;top: 73.4920634920635%;""></div><div class=""solution"" style=""left: 84.82142857142857%;top: 73.4920634920635%;""> PHYS ED teacher reprimanding atropine &#8220;artist&#8221;: physostigmine reverses atropine overdose (peripheral and CENTRAL effects) </div>
<div class=""hotspot"" style=""left:70%;top: 47.77777777777778%;""></div><div class=""solution"" style=""left: 70%;top: 47.77777777777778%;""> &#8220;Your brain on drugs&#8221;: physostigmine (and organophosphates) enters CNS to cause central cholinergic effects </div>
<div class=""hotspot"" style=""left:81.875%;top: 59.523809523809526%;""></div><div class=""solution"" style=""left: 81.875%;top: 59.523809523809526%;""> DUMBBELS: acetylcholinesterase inhibitor toxicity (Diarrhea, Urination, Miosis, Bronchospasm Bradycardia, Lacrimation, Salivation) </div>
<div class=""hotspot"" style=""left:78.30357142857143%;top: 55.3968253968254%;""></div><div class=""solution"" style=""left: 78.30357142857143%;top: 55.3968253968254%;""> Weak nicotine kid: acetylcholinesterase inhibitor toxicity includes flaccid paralysis (NMJ nicotinic ACh receptor over-activation) </div>
<div class=""hotspot"" style=""left:63.39285714285714%;top: 72.53968253968253%;""></div><div class=""solution"" style=""left: 63.39285714285714%;top: 72.53968253968253%;""> THIOL spray: insecticides (parathion, malathion, echothiophate) are organophosphates, a type of acetylcholinesterase inhibitor (also includes nerve agents and herbicides) </div>
<div class=""hotspot"" style=""left:69.28571428571428%;top: 71.58730158730158%;""></div><div class=""solution"" style=""left: 69.28571428571428%;top: 71.58730158730158%;""> Green fumes: organophosphates are a major cause of acute cholinergic toxicity (DUMBBELS) </div>
<div class=""hotspot"" style=""left:50.71428571428571%;top: 71.9047619047619%;""></div><div class=""solution"" style=""left: 50.71428571428571%;top: 71.9047619047619%;""> Closing LID on TOXIC spray: praLIDoxime reverses organophosphate toxicity (DUMBBELS) </div>
<div class=""hotspot"" style=""left:65.89285714285714%;top: 86.66666666666667%;""></div><div class=""solution"" style=""left: 65.89285714285714%;top: 86.66666666666667%;""> New toxic waste dumpsters: pralidoxime regenerates acetylcholinesterase at muscarinic and NICOTINIC receptors (reverses cholinergic toxicity INCLUDING FLACCID PARALYSIS) </div>
<div class=""hotspot"" style=""left:57.410714285714285%;top: 88.09523809523809%;""></div><div class=""solution"" style=""left: 57.410714285714285%;top: 88.09523809523809%;""> Atropine Alice is in your head: atropine reverses both peripheral and CENTRAL muscarinic toxicity from organophosphate poisoning (pralidoxime is peripheral only) </div>
<div class=""hotspot"" style=""left:48.125%;top: 53.96825396825397%;""></div><div class=""solution"" style=""left: 48.125%;top: 53.96825396825397%;""> Old pest-control man: &#8220;aging&#8221; of the organophosphate-cholinesterase complex leads to irreversible binding </div>
<div class=""hotspot"" style=""left:59.55357142857143%;top: 56.666666666666664%;""></div><div class=""solution"" style=""left: 59.55357142857143%;top: 56.666666666666664%;""> Corroded dumpster: pralidoxime is ineffective once aging of organophosphate- cholinesterase complex has occurred </div>
<div class=""hotspot"" style=""left:25.535714285714285%;top: 64.76190476190476%;""></div><div class=""solution"" style=""left: 25.535714285714285%;top: 64.76190476190476%;""> Alzheimer&#8217;s GALA: galantamine (acetylcholinesterase inhibitor used to treat Alzheimer&#8217;s disease) </div>
<div class=""hotspot"" style=""left:15.892857142857142%;top: 72.6984126984127%;""></div><div class=""solution"" style=""left: 15.892857142857142%;top: 72.6984126984127%;""> REVERSE the STIGMA: rivastigmine (acetylcholinesterase inhibitor used to treat Alzheimer&#8217;s disease) </div>
<div class=""hotspot"" style=""left:28.83928571428571%;top: 83.4920634920635%;""></div><div class=""solution"" style=""left: 28.83928571428571%;top: 83.4920634920635%;""> Done with brain puzzle: donepezil (acetylcholinesterase inhibitor used to treat Alzheimer&#8217;s disease) </div>
<div class=""hotspot"" style=""left:40.714285714285715%;top: 87.14285714285714%;""></div><div class=""solution"" style=""left: 40.714285714285715%;top: 87.14285714285714%;""> Brain puzzle: galantamine, rivastigmine, and donepezil penetrate the CNS </div>"	sketchy.autonomic_drugs.parasympathetic.acetylcholinesterase_inhibitors
Autonomic Drugs::Chapter 1 - Parasympathetic::1.3 - Muscarinic antagonists	Autonomic Drugs	Chapter 1	Parasympathetic	1.3	Muscarinic antagonists	"<img src=""sketchy.autonomic_drugs.parasympathetic.muscarinic_antagonists.jpg"" />"	"<div class=""hotspot"" style=""left:20.982142857142858%;top: 28.730158730158728%;""></div><div class=""solution"" style=""left: 20.982142857142858%;top: 28.730158730158728%;""> Motorcycle parking spots: muscarinic acetylcholine receptors (M1, M2, M3) </div>
<div class=""hotspot"" style=""left:11.160714285714286%;top: 41.11111111111111%;""></div><div class=""solution"" style=""left: 11.160714285714286%;top: 41.11111111111111%;""> Reversing into motorcycle parking spot: muscarinic antagonists reversibly block muscarinic receptors </div>
<div class=""hotspot"" style=""left:7.410714285714286%;top: 1.746031746031746%;""></div><div class=""solution"" style=""left: 7.410714285714286%;top: 1.746031746031746%;""> Blocked tweedleDUMBBELS: antimuscarinics block the muscarinic effects of diarrhea, urination, miosis, bronchospasm, bradycardia, lacrimation, salivation </div>
<div class=""hotspot"" style=""left:11.607142857142858%;top: 16.349206349206348%;""></div><div class=""solution"" style=""left: 11.607142857142858%;top: 16.349206349206348%;""> Blocked acetyl-cola bottle: antimuscarinics block the action of acetylcholine at M receptors </div>
<div class=""hotspot"" style=""left:90.98214285714286%;top: 79.2063492063492%;""></div><div class=""solution"" style=""left: 90.98214285714286%;top: 79.2063492063492%;""> Alice: atropine (antimuscarinic) </div>
<div class=""hotspot"" style=""left:85.625%;top: 80.63492063492063%;""></div><div class=""solution"" style=""left: 85.625%;top: 80.63492063492063%;""> Belladonna flower - a natural antimuscarinic alkaloid </div>
<div class=""hotspot"" style=""left:79.10714285714285%;top: 95.3968253968254%;""></div><div class=""solution"" style=""left: 79.10714285714285%;top: 95.3968253968254%;""> Jimson weed - a natural antimuscarinic alkaloid </div>
<div class=""hotspot"" style=""left:44.55357142857143%;top: 50.95238095238095%;""></div><div class=""solution"" style=""left: 44.55357142857143%;top: 50.95238095238095%;""> Large pupil gazing into the distance: antimuscarinics cause pupillary dilation (mydriasis) and cycloplegia (inability to accommodate the lens for near vision) </div>
<div class=""hotspot"" style=""left:40%;top: 49.523809523809526%;""></div><div class=""solution"" style=""left: 40%;top: 49.523809523809526%;""> TeleSCOPE: scopolamine (antimuscarinic) </div>
<div class=""hotspot"" style=""left:31.428571428571427%;top: 57.936507936507944%;""></div><div class=""solution"" style=""left: 31.428571428571427%;top: 57.936507936507944%;""> Seasick sailor outfit: scopolamine is used to treat motion sickness (vestibular nausea) </div>
<div class=""hotspot"" style=""left:32.67857142857143%;top: 49.36507936507937%;""></div><div class=""solution"" style=""left: 32.67857142857143%;top: 49.36507936507937%;""> Eyepatch: scopolamine transdermal patch is used to treat motion sickness </div>
<div class=""hotspot"" style=""left:31.96428571428571%;top: 44.285714285714285%;""></div><div class=""solution"" style=""left: 31.96428571428571%;top: 44.285714285714285%;""> CNS hat: antimuscarinics (e.g. scopolamine) cross the blood-brain barrier and inhibits central M1 receptors </div>
<div class=""hotspot"" style=""left:96.78571428571429%;top: 30.158730158730158%;""></div><div class=""solution"" style=""left: 96.78571428571429%;top: 30.158730158730158%;""> Heart with jewel nodes: antimuscarinics block parasympathetic activation of M2 receptors on the SA and AV nodes (increased heart rate, increased AV conduction) </div>
<div class=""hotspot"" style=""left:84.55357142857143%;top: 48.095238095238095%;""></div><div class=""solution"" style=""left: 84.55357142857143%;top: 48.095238095238095%;""> Elevated heart watch: antimuscarinics (e.g. atropine) increase heart rate (useful in the treatment of bradycardia) </div>
<div class=""hotspot"" style=""left:69.55357142857143%;top: 43.65079365079365%;""></div><div class=""solution"" style=""left: 69.55357142857143%;top: 43.65079365079365%;""> Heart shield: heart block (atrioventricular block) </div>
<div class=""hotspot"" style=""left:73.66071428571429%;top: 50.317460317460316%;""></div><div class=""solution"" style=""left: 73.66071428571429%;top: 50.317460317460316%;""> Falling heart shields: antimuscarinics (e.g. atropine) increase AV conduction (useful in the treatment of heart block) </div>
<div class=""hotspot"" style=""left:74.82142857142857%;top: 21.746031746031747%;""></div><div class=""solution"" style=""left: 74.82142857142857%;top: 21.746031746031747%;""> Cat-ipra-tio-tropillar: ipratropium and tiotropium (M3 muscarinic antagonists) </div>
<div class=""hotspot"" style=""left:80%;top: 6.666666666666667%;""></div><div class=""solution"" style=""left: 80%;top: 6.666666666666667%;""> Puffing: ipratropium and tiotropium are inhaled antimuscarinic bronchodilators </div>
<div class=""hotspot"" style=""left:81.25%;top: 15.555555555555555%;""></div><div class=""solution"" style=""left: 81.25%;top: 15.555555555555555%;""> Blue bloater with pink puffer: ipratropium and tiotropium are useful in the management of COPD (antagonize M3 receptors &#8594; bronchodilation, decreased secretions) </div>
<div class=""hotspot"" style=""left:92.94642857142857%;top: 5.238095238095238%;""></div><div class=""solution"" style=""left: 92.94642857142857%;top: 5.238095238095238%;""> Long lasting TIO smoke rings: tiotropium dissociates more slowly from the M3 receptor (longer bronchodilator action) </div>
<div class=""hotspot"" style=""left:49.375%;top: 49.2063492063492%;""></div><div class=""solution"" style=""left: 49.375%;top: 49.2063492063492%;""> Ox butler: oxybutynin (M3 muscarinic antagonist) </div>
<div class=""hotspot"" style=""left:58.392857142857146%;top: 55.3968253968254%;""></div><div class=""solution"" style=""left: 58.392857142857146%;top: 55.3968253968254%;""> Turning off bladder: oxybutynin and tolterodine treat incontinence (antagonize M3 receptors &#8594; relax smooth muscle in ureters and bladder wall) </div>
<div class=""hotspot"" style=""left:62.05357142857143%;top: 58.88888888888889%;""></div><div class=""solution"" style=""left: 62.05357142857143%;top: 58.88888888888889%;""> Turtle butler: tolterodine (M3 muscarinic antagonist) </div>
<div class=""hotspot"" style=""left:26.071428571428573%;top: 27.61904761904762%;""></div><div class=""solution"" style=""left: 26.071428571428573%;top: 27.61904761904762%;""> CENTER over M1: M1 muscarinic receptors are found in the CNS </div>
<div class=""hotspot"" style=""left:32.23214285714286%;top: 10.158730158730158%;""></div><div class=""solution"" style=""left: 32.23214285714286%;top: 10.158730158730158%;""> PARKING over M1: M1 receptor antagonists can reduce tremors and rigidity in Parkinson&#8217;s disease </div>
<div class=""hotspot"" style=""left:34.82142857142857%;top: 33.96825396825397%;""></div><div class=""solution"" style=""left: 34.82142857142857%;top: 33.96825396825397%;""> Benz parked in M1: benztropine (centrally acting M1 muscarinic antagonist) </div>
<div class=""hotspot"" style=""left:42.232142857142854%;top: 29.04761904761905%;""></div><div class=""solution"" style=""left: 42.232142857142854%;top: 29.04761904761905%;""> Tri-hex car parked in M1: trihexyphenidyl (centrally acting M1 muscarinic antagonist) </div>
<div class=""hotspot"" style=""left:45.089285714285715%;top: 17.61904761904762%;""></div><div class=""solution"" style=""left: 45.089285714285715%;top: 17.61904761904762%;""> Shaking antenna: centrally acting antimuscarinics (e.g. benztropine, trihexyphenidyl) treat tremor and rigidity in Parkinson&#8217;s (block excess cholinergic activity) </div>
<div class=""hotspot"" style=""left:46.60714285714286%;top: 7.142857142857142%;""></div><div class=""solution"" style=""left: 46.60714285714286%;top: 7.142857142857142%;""> Cogwheel: excessive M1 activation is associated with cogwheel rigidity in Parkinson&#8217;s disease </div>
<div class=""hotspot"" style=""left:53.482142857142854%;top: 16.349206349206348%;""></div><div class=""solution"" style=""left: 53.482142857142854%;top: 16.349206349206348%;""> Falling &#8220;extra parking&#8221; cone: antimuscarinics treat extrapyramidal side effects caused by antipsychotics: e.g. dystonia, akathisia, parkinsonism (re-establish dopaminergic- cholinergic balance) </div>
<div class=""hotspot"" style=""left:8.839285714285715%;top: 74.92063492063492%;""></div><div class=""solution"" style=""left: 8.839285714285715%;top: 74.92063492063492%;""> Hot as a hare: antimuscarinics inhibit M3 receptors on sweat glands &#8594; decreased sweating &#8594; hyperthermia </div>
<div class=""hotspot"" style=""left:22.41071428571429%;top: 84.92063492063492%;""></div><div class=""solution"" style=""left: 22.41071428571429%;top: 84.92063492063492%;""> Dry as a cracker: antimuscarinics decrease salivation and lacrimation &#8594; dry mouth and eyes </div>
<div class=""hotspot"" style=""left:15.714285714285714%;top: 52.06349206349207%;""></div><div class=""solution"" style=""left: 15.714285714285714%;top: 52.06349206349207%;""> Blind as a bat: antimuscarinics cause mydriasis and cycloplegia&#8594; blurred vision </div>
<div class=""hotspot"" style=""left:21.696428571428573%;top: 71.74603174603175%;""></div><div class=""solution"" style=""left: 21.696428571428573%;top: 71.74603174603175%;""> High-pressure as a kettle: antimuscarinics cause mydriasis &#8594; decreased outflow of aqueous humor &#8594; acute angle closure glaucoma </div>
<div class=""hotspot"" style=""left:2.142857142857143%;top: 83.4920634920635%;""></div><div class=""solution"" style=""left: 2.142857142857143%;top: 83.4920634920635%;""> Mad as a hatter: antimuscarinics cross the BBB and antagonize central M1 receptors &#8594; sedation, agitation, hallucination, coma (especially in elderly patients) </div>"	sketchy.autonomic_drugs.parasympathetic.muscarinic_antagonists
